code,name,__update_date__
000001,平安银行,2026-03-13
000002,万  科Ａ,2026-03-13
000003,PT金田A,2026-03-13
000004,*ST国华,2026-03-13
000005,ST星源,2026-03-13
000006,深振业Ａ,2026-03-13
000007,全新好,2026-03-13
000008,神州高铁,2026-03-13
000009,中国宝安,2026-03-13
000010,美丽生态,2026-03-13
000011,深物业A,2026-03-13
000012,南  玻Ａ,2026-03-13
000013,*ST石化A,2026-03-13
000014,沙河股份,2026-03-13
000015,PT中浩A,2026-03-13
000016,深康佳Ａ,2026-03-13
000017,深中华A,2026-03-13
000018,神城A退,2026-03-13
000019,深粮控股,2026-03-13
000020,深华发Ａ,2026-03-13
000021,深科技,2026-03-13
000023,*ST深天,2026-03-13
000024,招商地产,2026-03-13
000025,特  力Ａ,2026-03-13
000026,飞亚达,2026-03-13
000027,深圳能源,2026-03-13
000028,国药一致,2026-03-13
000029,深深房Ａ,2026-03-13
000030,富奥股份,2026-03-13
000031,大悦城,2026-03-13
000032,深桑达Ａ,2026-03-13
000033,新都退,2026-03-13
000034,神州数码,2026-03-13
000035,中国天楹,2026-03-13
000036,华联控股,2026-03-13
000037,深南电A,2026-03-13
000038,大通退,2026-03-13
000039,中集集团,2026-03-13
000040,*ST旭蓝,2026-03-13
000042,中洲控股,2026-03-13
000045,深纺织Ａ,2026-03-13
000046,*ST泛海,2026-03-13
000047,ST中侨,2026-03-13
000048,京基智农,2026-03-13
000049,德赛电池,2026-03-13
000050,深天马Ａ,2026-03-13
000055,方大集团,2026-03-13
000056,皇庭国际,2026-03-13
000058,深 赛 格,2026-03-13
000059,华锦股份,2026-03-13
000060,中金岭南,2026-03-13
000061,农 产 品,2026-03-13
000062,深圳华强,2026-03-13
000063,中兴通讯,2026-03-13
000065,北方国际,2026-03-13
000066,中国长城,2026-03-13
000068,华控赛格,2026-03-13
000069,华侨城Ａ,2026-03-13
000070,特发信息,2026-03-13
000078,海王生物,2026-03-13
000088,盐 田 港,2026-03-13
000089,深圳机场,2026-03-13
000090,天健集团,2026-03-13
000096,广聚能源,2026-03-13
000099,中信海直,2026-03-13
000100,TCL科技,2026-03-13
000150,*ST宜康,2026-03-13
000151,中成股份,2026-03-13
000153,丰原药业,2026-03-13
000155,川能动力,2026-03-13
000156,华数传媒,2026-03-13
000157,中联重科,2026-03-13
000158,常山北明,2026-03-13
000159,国际实业,2026-03-13
000166,申万宏源,2026-03-13
000301,东方盛虹,2026-03-13
000333,美的集团,2026-03-13
000338,潍柴动力,2026-03-13
000400,许继电气,2026-03-13
000401,金隅冀东,2026-03-13
000402,金 融 街,2026-03-13
000403,派林生物,2026-03-13
000404,长虹华意,2026-03-13
000405,ST鑫光,2026-03-13
000406,石油大明,2026-03-13
000407,胜利股份,2026-03-13
000408,藏格矿业,2026-03-13
000409,云鼎科技,2026-03-13
000410,沈阳机床,2026-03-13
000411,英特集团,2026-03-13
000412,ST五环,2026-03-13
000413,ST旭电,2026-03-13
000415,渤海租赁,2026-03-13
000416,*ST民控,2026-03-13
000417,合百集团,2026-03-13
000418,小天鹅A,2026-03-13
000419,通程控股,2026-03-13
000420,吉林化纤,2026-03-13
000421,南京公用,2026-03-13
000422,湖北宜化,2026-03-13
000423,东阿阿胶,2026-03-13
000425,徐工机械,2026-03-13
000426,兴业银锡,2026-03-13
000428,华天酒店,2026-03-13
000429,粤高速Ａ,2026-03-13
000430,ST张家界,2026-03-13
000488,ST晨鸣,2026-03-13
000498,山东路桥,2026-03-13
000501,武商集团,2026-03-13
000502,绿景退,2026-03-13
000503,国新健康,2026-03-13
000504,*ST生物,2026-03-13
000505,京粮控股,2026-03-13
000506,招金黄金,2026-03-13
000507,珠海港,2026-03-13
000508,琼民源A,2026-03-13
000509,华塑控股,2026-03-13
000510,新金路,2026-03-13
000511,烯碳退,2026-03-13
000513,丽珠集团,2026-03-13
000514,渝 开 发,2026-03-13
000515,攀渝钛业,2026-03-13
000516,国际医学,2026-03-13
000517,荣安地产,2026-03-13
000518,*ST四环,2026-03-13
000519,中兵红箭,2026-03-13
000520,凤凰航运,2026-03-13
000521,长虹美菱,2026-03-13
000522,白云山A,2026-03-13
000523,红棉股份,2026-03-13
000524,岭南控股,2026-03-13
000525,红太阳,2026-03-13
000526,学大教育,2026-03-13
000527,美的电器,2026-03-13
000528,柳    工,2026-03-13
000529,广弘控股,2026-03-13
000530,冰山冷热,2026-03-13
000531,穗恒运Ａ,2026-03-13
000532,华金资本,2026-03-13
000533,顺钠股份,2026-03-13
000534,万泽股份,2026-03-13
000535,*ST猴王,2026-03-13
000536,华映科技,2026-03-13
000537,绿发电力,2026-03-13
000538,云南白药,2026-03-13
000539,粤电力Ａ,2026-03-13
000540,*ST中天,2026-03-13
000541,佛山照明,2026-03-13
000542,TCL通讯,2026-03-13
000543,皖能电力,2026-03-13
000544,中原环保,2026-03-13
000545,金浦钛业,2026-03-13
000546,金圆股份,2026-03-13
000547,航天发展,2026-03-13
000548,湖南投资,2026-03-13
000549,S湘火炬,2026-03-13
000550,江铃汽车,2026-03-13
000551,创元科技,2026-03-13
000552,甘肃能化,2026-03-13
000553,安道麦A,2026-03-13
000554,泰山石油,2026-03-13
000555,神州信息,2026-03-13
000556,PT南洋,2026-03-13
000557,西部创业,2026-03-13
000558,天府文旅,2026-03-13
000559,万向钱潮,2026-03-13
000560,我爱我家,2026-03-13
000561,烽火电子,2026-03-13
000562,宏源证券,2026-03-13
000563,陕国投Ａ,2026-03-13
000564,供销大集,2026-03-13
000565,渝三峡Ａ,2026-03-13
000566,海南海药,2026-03-13
000567,海德股份,2026-03-13
000568,泸州老窖,2026-03-13
000569,长城股份,2026-03-13
000570,苏常柴Ａ,2026-03-13
000571,新大洲A,2026-03-13
000572,海马汽车,2026-03-13
000573,粤宏远Ａ,2026-03-13
000576,甘化科工,2026-03-13
000578,盐湖集团,2026-03-13
000581,威孚高科,2026-03-13
000582,北部湾港,2026-03-13
000583,S*ST托普,2026-03-13
000584,工智退,2026-03-13
000585,东电退,2026-03-13
000586,汇源通信,2026-03-13
000587,*ST金洲,2026-03-13
000588,PT粤金曼,2026-03-13
000589,贵州轮胎,2026-03-13
000590,古汉医药,2026-03-13
000591,太阳能,2026-03-13
000592,平潭发展,2026-03-13
000593,德龙汇能,2026-03-13
000594,国恒退,2026-03-13
000595,*ST宝实,2026-03-13
000596,古井贡酒,2026-03-13
000597,东北制药,2026-03-13
000598,兴蓉环境,2026-03-13
000599,青岛双星,2026-03-13
000600,建投能源,2026-03-13
000601,韶能股份,2026-03-13
000602,金马集团,2026-03-13
000603,盛达资源,2026-03-13
000605,渤海股份,2026-03-13
000606,顺利退,2026-03-13
000607,华媒控股,2026-03-13
000608,*ST阳光,2026-03-13
000609,ST中迪,2026-03-13
000610,西安旅游,2026-03-13
000611,天首退,2026-03-13
000612,焦作万方,2026-03-13
000613,东海A退,2026-03-13
000615,*ST美谷,2026-03-13
000616,*ST海投,2026-03-13
000617,中油资本,2026-03-13
000618,吉林化工,2026-03-13
000619,海螺新材,2026-03-13
000620,盈新发展,2026-03-13
000621,*ST比特,2026-03-13
000622,恒立退,2026-03-13
000623,吉林敖东,2026-03-13
000625,长安汽车,2026-03-13
000626,远大控股,2026-03-13
000627,*ST天茂,2026-03-13
000628,高新发展,2026-03-13
000629,钒钛股份,2026-03-13
000630,铜陵有色,2026-03-13
000631,顺发恒能,2026-03-13
000632,三木集团,2026-03-13
000633,合金投资,2026-03-13
000635,英 力 特,2026-03-13
000636,风华高科,2026-03-13
000637,茂化实华,2026-03-13
000638,*ST万方,2026-03-13
000639,西王食品,2026-03-13
000650,仁和药业,2026-03-13
000651,格力电器,2026-03-13
000652,泰达股份,2026-03-13
000653,ST九州,2026-03-13
000655,金岭矿业,2026-03-13
000656,*ST金科,2026-03-13
000657,中钨高新,2026-03-13
000658,ST海洋,2026-03-13
000659,珠海中富,2026-03-13
000660,*ST南华,2026-03-13
000661,长春高新,2026-03-13
000662,天夏退,2026-03-13
000663,永安林业,2026-03-13
000665,湖北广电,2026-03-13
000666,经纬纺机,2026-03-13
000667,ST美置,2026-03-13
000668,*ST荣控,2026-03-13
000669,ST金鸿,2026-03-13
000670,盈方微,2026-03-13
000671,ST阳光城,2026-03-13
000672,上峰水泥,2026-03-13
000673,当代退,2026-03-13
000675,ST银山,2026-03-13
000676,智度股份,2026-03-13
000677,恒天海龙,2026-03-13
000678,襄阳轴承,2026-03-13
000679,大连友谊,2026-03-13
000680,山推股份,2026-03-13
000681,视觉中国,2026-03-13
000682,东方电子,2026-03-13
000683,博源化工,2026-03-13
000685,中山公用,2026-03-13
000686,东北证券,2026-03-13
000687,华讯退,2026-03-13
000688,国城矿业,2026-03-13
000689,ST宏业,2026-03-13
000690,宝新能源,2026-03-13
000691,*ST亚太,2026-03-13
000692,惠天热电,2026-03-13
000693,华泽退,2026-03-13
000695,滨海能源,2026-03-13
000697,ST炼石,2026-03-13
000698,ST沈化,2026-03-13
000699,S*ST佳纸,2026-03-13
000700,模塑科技,2026-03-13
000701,厦门信达,2026-03-13
000702,正虹科技,2026-03-13
000703,恒逸石化,2026-03-13
000705,浙江震元,2026-03-13
000707,双环科技,2026-03-13
000708,中信特钢,2026-03-13
000709,河钢股份,2026-03-13
000710,贝瑞基因,2026-03-13
000711,ST京蓝,2026-03-13
000712,锦龙股份,2026-03-13
000713,国投丰乐,2026-03-13
000715,中兴商业,2026-03-13
000716,黑芝麻,2026-03-13
000717,中南股份,2026-03-13
000718,苏宁环球,2026-03-13
000719,中原传媒,2026-03-13
000720,新能泰山,2026-03-13
000721,西安饮食,2026-03-13
000722,湖南发展,2026-03-13
000723,美锦能源,2026-03-13
000725,京东方Ａ,2026-03-13
000726,鲁  泰Ａ,2026-03-13
000727,冠捷科技,2026-03-13
000728,国元证券,2026-03-13
000729,燕京啤酒,2026-03-13
000730,*ST环保,2026-03-13
000731,四川美丰,2026-03-13
000732,ST泰禾,2026-03-13
000733,振华科技,2026-03-13
000735,罗 牛 山,2026-03-13
000736,*ST中地,2026-03-13
000737,北方铜业,2026-03-13
000738,航发控制,2026-03-13
000739,普洛药业,2026-03-13
000748,长城信息,2026-03-13
000750,国海证券,2026-03-13
000751,锌业股份,2026-03-13
000752,ST西发,2026-03-13
000753,漳州发展,2026-03-13
000755,山西高速,2026-03-13
000756,新华制药,2026-03-13
000757,浩物股份,2026-03-13
000758,中色股份,2026-03-13
000759,中百集团,2026-03-13
000760,斯太退,2026-03-13
000761,本钢板材,2026-03-13
000762,西藏矿业,2026-03-13
000763,锦州石化,2026-03-13
000765,*ST华信,2026-03-13
000766,通化金马,2026-03-13
000767,晋控电力,2026-03-13
000768,中航西飞,2026-03-13
000769,*ST大菲,2026-03-13
000776,广发证券,2026-03-13
000777,中核科技,2026-03-13
000778,新兴铸管,2026-03-13
000779,甘咨询,2026-03-13
000780,ST平能,2026-03-13
000782,恒申新材,2026-03-13
000783,长江证券,2026-03-13
000785,居然智家,2026-03-13
000786,北新建材,2026-03-13
000787,*ST创智,2026-03-13
000788,北大医药,2026-03-13
000789,万年青,2026-03-13
000790,华神科技,2026-03-13
000791,甘肃能源,2026-03-13
000792,盐湖股份,2026-03-13
000793,*ST华闻,2026-03-13
000795,英洛华,2026-03-13
000796,凯撒旅业,2026-03-13
000797,中国武夷,2026-03-13
000798,中水渔业,2026-03-13
000799,酒鬼酒,2026-03-13
000800,一汽解放,2026-03-13
000801,四川九洲,2026-03-13
000802,北京文化,2026-03-13
000803,山高环能,2026-03-13
000805,*ST炎黄,2026-03-13
000806,银河退,2026-03-13
000807,云铝股份,2026-03-13
000809,和展能源,2026-03-13
000810,创维数字,2026-03-13
000811,冰轮环境,2026-03-13
000812,陕西金叶,2026-03-13
000813,德展健康,2026-03-13
000815,美利云,2026-03-13
000816,智慧农业,2026-03-13
000817,辽河油田,2026-03-13
000818,航锦科技,2026-03-13
000819,岳阳兴长,2026-03-13
000820,*ST节能,2026-03-13
000821,ST京机,2026-03-13
000822,山东海化,2026-03-13
000823,超声电子,2026-03-13
000825,太钢不锈,2026-03-13
000826,启迪环境,2026-03-13
000827,*ST长兴,2026-03-13
000828,东莞控股,2026-03-13
000829,天音控股,2026-03-13
000830,鲁西化工,2026-03-13
000831,中国稀土,2026-03-13
000832,*ST龙涤,2026-03-13
000833,粤桂股份,2026-03-13
000835,长动退,2026-03-13
000836,ST富通,2026-03-13
000837,秦川机床,2026-03-13
000838,财信发展,2026-03-13
000839,国安股份,2026-03-13
000848,承德露露,2026-03-13
000850,华茂股份,2026-03-13
000851,*ST高鸿,2026-03-13
000852,石化机械,2026-03-13
000856,冀东装备,2026-03-13
000858,五 粮 液,2026-03-13
000859,国风新材,2026-03-13
000860,顺鑫农业,2026-03-13
000861,海印股份,2026-03-13
000862,银星能源,2026-03-13
000863,三湘印象,2026-03-13
000866,扬子石化,2026-03-13
000868,安凯客车,2026-03-13
000869,张  裕Ａ,2026-03-13
000875,电投绿能,2026-03-13
000876,新 希 望,2026-03-13
000877,天山股份,2026-03-13
000878,云南铜业,2026-03-13
000880,潍柴重机,2026-03-13
000881,中广核技,2026-03-13
000882,华联股份,2026-03-13
000883,湖北能源,2026-03-13
000885,城发环境,2026-03-13
000886,海南高速,2026-03-13
000887,中鼎股份,2026-03-13
000888,峨眉山Ａ,2026-03-13
000889,中嘉博创,2026-03-13
000890,法尔胜,2026-03-13
000892,欢瑞世纪,2026-03-13
000893,亚钾国际,2026-03-13
000895,双汇发展,2026-03-13
000897,津滨发展,2026-03-13
000898,鞍钢股份,2026-03-13
000899,赣能股份,2026-03-13
000900,现代投资,2026-03-13
000901,航天科技,2026-03-13
000902,新洋丰,2026-03-13
000903,ST云动,2026-03-13
000905,厦门港务,2026-03-13
000906,浙商中拓,2026-03-13
000908,*ST景峰,2026-03-13
000909,ST数源,2026-03-13
000910,大亚圣象,2026-03-13
000911,广农糖业,2026-03-13
000912,泸天化,2026-03-13
000913,钱江摩托,2026-03-13
000915,华特达因,2026-03-13
000916,华北高速,2026-03-13
000917,电广传媒,2026-03-13
000918,*ST嘉凯,2026-03-13
000919,金陵药业,2026-03-13
000920,沃顿科技,2026-03-13
000921,海信家电,2026-03-13
000922,佳电股份,2026-03-13
000923,河钢资源,2026-03-13
000925,众合科技,2026-03-13
000926,福星股份,2026-03-13
000927,中国铁物,2026-03-13
000928,中钢国际,2026-03-13
000929,*ST兰黄,2026-03-13
000930,中粮科技,2026-03-13
000931,中 关 村,2026-03-13
000932,华菱钢铁,2026-03-13
000933,神火股份,2026-03-13
000935,四川双马,2026-03-13
000936,华西股份,2026-03-13
000937,冀中能源,2026-03-13
000938,紫光股份,2026-03-13
000939,凯迪退,2026-03-13
000948,南天信息,2026-03-13
000949,新乡化纤,2026-03-13
000950,重药控股,2026-03-13
000951,中国重汽,2026-03-13
000952,广济药业,2026-03-13
000953,河化股份,2026-03-13
000955,欣龙控股,2026-03-13
000956,中原油气,2026-03-13
000957,中通客车,2026-03-13
000958,电投产融,2026-03-13
000959,首钢股份,2026-03-13
000960,锡业股份,2026-03-13
000961,ST中南,2026-03-13
000962,东方钽业,2026-03-13
000963,华东医药,2026-03-13
000965,天保基建,2026-03-13
000966,长源电力,2026-03-13
000967,盈峰环境,2026-03-13
000968,蓝焰控股,2026-03-13
000969,安泰科技,2026-03-13
000970,中科三环,2026-03-13
000971,*ST高升,2026-03-13
000972,*ST中基,2026-03-13
000973,佛塑科技,2026-03-13
000975,山金国际,2026-03-13
000976,*ST华铁,2026-03-13
000977,浪潮信息,2026-03-13
000978,桂林旅游,2026-03-13
000979,中弘退,2026-03-13
000980,众泰汽车,2026-03-13
000981,山子高科,2026-03-13
000982,中银绒业,2026-03-13
000983,山西焦煤,2026-03-13
000985,大庆华科,2026-03-13
000987,越秀资本,2026-03-13
000988,华工科技,2026-03-13
000989,九芝堂,2026-03-13
000990,诚志股份,2026-03-13
000993,闽东电力,2026-03-13
000995,皇台酒业,2026-03-13
000996,中期退,2026-03-13
000997,新 大 陆,2026-03-13
000998,隆平高科,2026-03-13
000999,华润三九,2026-03-13
001201,东瑞股份,2026-03-13
001202,炬申股份,2026-03-13
001203,大中矿业,2026-03-13
001205,盛航股份,2026-03-13
001206,依依股份,2026-03-13
001207,联科科技,2026-03-13
001208,华菱线缆,2026-03-13
001209,洪兴股份,2026-03-13
001210,金房能源,2026-03-13
001211,双枪科技,2026-03-13
001212,中旗新材,2026-03-13
001213,中铁特货,2026-03-13
001215,千味央厨,2026-03-13
001216,华瓷股份,2026-03-13
001217,华尔泰,2026-03-13
001218,丽臣实业,2026-03-13
001219,青岛食品,2026-03-13
001220,世盟股份,2026-03-13
001221,悍高集团,2026-03-13
001222,源飞宠物,2026-03-13
001223,欧克科技,2026-03-13
001225,和泰机电,2026-03-13
001226,拓山重工,2026-03-13
001227,兰州银行,2026-03-13
001228,永泰运,2026-03-13
001229,魅视科技,2026-03-13
001230,劲旅环境,2026-03-13
001231,农心科技,2026-03-13
001233,海安集团,2026-03-13
001234,泰慕士,2026-03-13
001236,弘业期货,2026-03-13
001238,浙江正特,2026-03-13
001239,永达股份,2026-03-13
001255,博菲电气,2026-03-13
001256,炜冈科技,2026-03-13
001258,立新能源,2026-03-13
001259,利仁科技,2026-03-13
001260,坤泰股份,2026-03-13
001266,宏英智能,2026-03-13
001267,汇绿生态,2026-03-13
001268,联合精密,2026-03-13
001269,欧晶科技,2026-03-13
001270,*ST铖昌,2026-03-13
001277,速达股份,2026-03-13
001278,一彬科技,2026-03-13
001279,强邦新材,2026-03-13
001280,中国铀业,2026-03-13
001282,三联锻造,2026-03-13
001283,豪鹏科技,2026-03-13
001285,瑞立科密,2026-03-13
001286,陕西能源,2026-03-13
001287,中电港,2026-03-13
001288,运机集团,2026-03-13
001289,龙源电力,2026-03-13
001296,长江材料,2026-03-13
001298,好上好,2026-03-13
001299,美能能源,2026-03-13
001300,三柏硕,2026-03-13
001301,尚太科技,2026-03-13
001306,夏厦精密,2026-03-13
001308,康冠科技,2026-03-13
001309,德明利,2026-03-13
001311,多利科技,2026-03-13
001313,粤海饲料,2026-03-13
001314,亿道信息,2026-03-13
001316,润贝航科,2026-03-13
001317,三羊马,2026-03-13
001318,阳光乳业,2026-03-13
001319,铭科精技,2026-03-13
001322,箭牌家居,2026-03-13
001323,慕思股份,2026-03-13
001324,长青科技,2026-03-13
001325,元创股份,2026-03-13
001326,联域股份,2026-03-13
001328,登康口腔,2026-03-13
001330,博纳影业,2026-03-13
001331,胜通能源,2026-03-13
001332,锡装股份,2026-03-13
001333,光华股份,2026-03-13
001335,信凯科技,2026-03-13
001336,楚环科技,2026-03-13
001337,四川黄金,2026-03-13
001338,永顺泰,2026-03-13
001339,智微智能,2026-03-13
001356,富岭股份,2026-03-13
001358,兴欣新材,2026-03-13
001359,平安电工,2026-03-13
001360,南矿集团,2026-03-13
001366,播恩集团,2026-03-13
001367,海森药业,2026-03-13
001368,通达创智,2026-03-13
001369,双欣材料,2026-03-13
001373,翔腾新材,2026-03-13
001376,百通能源,2026-03-13
001378,德冠新材,2026-03-13
001379,腾达科技,2026-03-13
001380,华纬科技,2026-03-13
001382,新亚电缆,2026-03-13
001386,马可波罗,2026-03-13
001387,雪祺电气,2026-03-13
001388,信通电子,2026-03-13
001389,广合科技,2026-03-13
001390,古麒绒材,2026-03-13
001391,国货航,2026-03-13
001395,亚联机械,2026-03-13
001396,誉帆科技,2026-03-13
001400,江顺科技,2026-03-13
001696,宗申动力,2026-03-13
001872,招商港口,2026-03-13
001896,豫能控股,2026-03-13
001914,招商积余,2026-03-13
001965,招商公路,2026-03-13
001979,招商蛇口,2026-03-13
002001,新 和 成,2026-03-13
002002,ST鸿达,2026-03-13
002003,伟星股份,2026-03-13
002004,华邦健康,2026-03-13
002005,ST德豪,2026-03-13
002006,精工科技,2026-03-13
002007,华兰生物,2026-03-13
002008,大族激光,2026-03-13
002009,天奇股份,2026-03-13
002010,传化智联,2026-03-13
002011,盾安环境,2026-03-13
002012,凯恩股份,2026-03-13
002013,中航机电,2026-03-13
002014,永新股份,2026-03-13
002015,协鑫能科,2026-03-13
002016,世荣兆业,2026-03-13
002017,东信和平,2026-03-13
002018,华信退,2026-03-13
002019,亿帆医药,2026-03-13
002020,京新药业,2026-03-13
002021,中捷资源,2026-03-13
002022,科华生物,2026-03-13
002023,海特高新,2026-03-13
002024,ST易购,2026-03-13
002025,航天电器,2026-03-13
002026,山东威达,2026-03-13
002027,分众传媒,2026-03-13
002028,思源电气,2026-03-13
002029,七 匹 狼,2026-03-13
002030,达安基因,2026-03-13
002031,巨轮智能,2026-03-13
002032,苏 泊 尔,2026-03-13
002033,丽江股份,2026-03-13
002034,旺能环境,2026-03-13
002035,华帝股份,2026-03-13
002036,联创电子,2026-03-13
002037,保利联合,2026-03-13
002038,双鹭药业,2026-03-13
002039,黔源电力,2026-03-13
002040,南 京 港,2026-03-13
002041,登海种业,2026-03-13
002042,华孚时尚,2026-03-13
002043,兔 宝 宝,2026-03-13
002044,美年健康,2026-03-13
002045,国光电器,2026-03-13
002046,国机精工,2026-03-13
002047,*ST宝鹰,2026-03-13
002048,宁波华翔,2026-03-13
002049,紫光国微,2026-03-13
002050,三花智控,2026-03-13
002051,中工国际,2026-03-13
002052,同洲电子,2026-03-13
002053,云南能投,2026-03-13
002054,德美化工,2026-03-13
002055,ST得润,2026-03-13
002056,横店东磁,2026-03-13
002057,中钢天源,2026-03-13
002058,*ST威尔,2026-03-13
002059,云南旅游,2026-03-13
002060,广东建工,2026-03-13
002061,浙江交科,2026-03-13
002062,宏润建设,2026-03-13
002063,远光软件,2026-03-13
002064,华峰化学,2026-03-13
002065,东华软件,2026-03-13
002066,瑞泰科技,2026-03-13
002067,景兴纸业,2026-03-13
002068,黑猫股份,2026-03-13
002069,獐子岛,2026-03-13
002070,众和退,2026-03-13
002071,长城退,2026-03-13
002072,凯瑞德,2026-03-13
002073,软控股份,2026-03-13
002074,国轩高科,2026-03-13
002075,沙钢股份,2026-03-13
002076,*ST星光,2026-03-13
002077,大港股份,2026-03-13
002078,太阳纸业,2026-03-13
002079,苏州固锝,2026-03-13
002080,中材科技,2026-03-13
002081,金 螳 螂,2026-03-13
002082,万邦德,2026-03-13
002083,孚日股份,2026-03-13
002084,海鸥住工,2026-03-13
002085,万丰奥威,2026-03-13
002086,东方海洋,2026-03-13
002087,新纺退,2026-03-13
002088,鲁阳节能,2026-03-13
002089,新海退,2026-03-13
002090,金智科技,2026-03-13
002091,江苏国泰,2026-03-13
002092,中泰化学,2026-03-13
002093,国脉科技,2026-03-13
002094,青岛金王,2026-03-13
002095,生 意 宝,2026-03-13
002096,易普力,2026-03-13
002097,山河智能,2026-03-13
002098,浔兴股份,2026-03-13
002099,海翔药业,2026-03-13
002100,天康生物,2026-03-13
002101,广东鸿图,2026-03-13
002102,能特科技,2026-03-13
002103,广博股份,2026-03-13
002104,恒宝股份,2026-03-13
002105,信隆健康,2026-03-13
002106,莱宝高科,2026-03-13
002107,沃华医药,2026-03-13
002108,沧州明珠,2026-03-13
002109,兴化股份,2026-03-13
002110,三钢闽光,2026-03-13
002111,威海广泰,2026-03-13
002112,三变科技,2026-03-13
002113,*ST天润,2026-03-13
002114,罗平锌电,2026-03-13
002115,三维通信,2026-03-13
002116,中国海诚,2026-03-13
002117,东港股份,2026-03-13
002118,*ST紫鑫,2026-03-13
002119,康强电子,2026-03-13
002120,韵达股份,2026-03-13
002121,科陆电子,2026-03-13
002122,ST汇洲,2026-03-13
002123,梦网科技,2026-03-13
002124,天邦食品,2026-03-13
002125,湘潭电化,2026-03-13
002126,银轮股份,2026-03-13
002127,南极电商,2026-03-13
002128,电投能源,2026-03-13
002129,TCL中环,2026-03-13
002130,沃尔核材,2026-03-13
002131,利欧股份,2026-03-13
002132,恒星科技,2026-03-13
002133,广宇集团,2026-03-13
002134,天津普林,2026-03-13
002135,东南网架,2026-03-13
002136,安 纳 达,2026-03-13
002137,实益达,2026-03-13
002138,顺络电子,2026-03-13
002139,拓邦股份,2026-03-13
002140,东华科技,2026-03-13
002141,贤丰控股,2026-03-13
002142,宁波银行,2026-03-13
002143,印纪退,2026-03-13
002144,宏达高科,2026-03-13
002145,钛能化学,2026-03-13
002146,荣盛发展,2026-03-13
002147,新光退,2026-03-13
002148,北纬科技,2026-03-13
002149,西部材料,2026-03-13
002150,正泰电源,2026-03-13
002151,北斗星通,2026-03-13
002152,广电运通,2026-03-13
002153,石基信息,2026-03-13
002154,报 喜 鸟,2026-03-13
002155,湖南黄金,2026-03-13
002156,通富微电,2026-03-13
002157,正邦科技,2026-03-13
002158,汉钟精机,2026-03-13
002159,三特索道,2026-03-13
002160,常铝股份,2026-03-13
002161,远 望 谷,2026-03-13
002162,悦心健康,2026-03-13
002163,海南发展,2026-03-13
002164,宁波东力,2026-03-13
002165,红 宝 丽,2026-03-13
002166,莱茵生物,2026-03-13
002167,东方锆业,2026-03-13
002168,*ST惠程,2026-03-13
002169,智光电气,2026-03-13
002170,芭田股份,2026-03-13
002171,楚江新材,2026-03-13
002172,澳洋健康,2026-03-13
002173,创新医疗,2026-03-13
002174,游族网络,2026-03-13
002175,东方智造,2026-03-13
002176,江特电机,2026-03-13
002177,御银股份,2026-03-13
002178,延华智能,2026-03-13
002179,中航光电,2026-03-13
002180,纳思达,2026-03-13
002181,粤 传 媒,2026-03-13
002182,宝武镁业,2026-03-13
002183,怡 亚 通,2026-03-13
002184,海得控制,2026-03-13
002185,华天科技,2026-03-13
002186,全 聚 德,2026-03-13
002187,广百股份,2026-03-13
002188,中天服务,2026-03-13
002189,中光学,2026-03-13
002190,成飞集成,2026-03-13
002191,劲嘉股份,2026-03-13
002192,融捷股份,2026-03-13
002193,如意集团,2026-03-13
002194,武汉凡谷,2026-03-13
002195,岩山科技,2026-03-13
002196,方正电机,2026-03-13
002197,证通电子,2026-03-13
002198,嘉应制药,2026-03-13
002199,*ST东晶,2026-03-13
002200,*ST交投,2026-03-13
002201,九鼎新材,2026-03-13
002202,金风科技,2026-03-13
002203,海亮股份,2026-03-13
002204,大连重工,2026-03-13
002205,国统股份,2026-03-13
002206,海 利 得,2026-03-13
002207,准油股份,2026-03-13
002208,合肥城建,2026-03-13
002209,达 意 隆,2026-03-13
002210,飞马国际,2026-03-13
002211,ST宏达,2026-03-13
002212,天融信,2026-03-13
002213,大为股份,2026-03-13
002214,*ST大立,2026-03-13
002215,诺 普 信,2026-03-13
002216,三全食品,2026-03-13
002217,合力泰,2026-03-13
002218,拓日新能,2026-03-13
002219,新里程,2026-03-13
002220,天宝退,2026-03-13
002221,东华能源,2026-03-13
002222,福晶科技,2026-03-13
002223,鱼跃医疗,2026-03-13
002224,三 力 士,2026-03-13
002225,濮耐股份,2026-03-13
002226,江南化工,2026-03-13
002227,奥 特 迅,2026-03-13
002228,合兴包装,2026-03-13
002229,鸿博股份,2026-03-13
002230,科大讯飞,2026-03-13
002231,*ST奥维,2026-03-13
002232,启明信息,2026-03-13
002233,塔牌集团,2026-03-13
002234,民和股份,2026-03-13
002235,安妮股份,2026-03-13
002236,大华股份,2026-03-13
002237,恒邦股份,2026-03-13
002238,天威视讯,2026-03-13
002239,奥特佳,2026-03-13
002240,盛新锂能,2026-03-13
002241,歌尔股份,2026-03-13
002242,九阳股份,2026-03-13
002243,力合科创,2026-03-13
002244,滨江集团,2026-03-13
002245,蔚蓝锂芯,2026-03-13
002246,北化股份,2026-03-13
002247,聚力文化,2026-03-13
002248,华东数控,2026-03-13
002249,大洋电机,2026-03-13
002250,联化科技,2026-03-13
002251,步步高,2026-03-13
002252,上海莱士,2026-03-13
002253,*ST智胜,2026-03-13
002254,泰和新材,2026-03-13
002255,海陆重工,2026-03-13
002256,兆新股份,2026-03-13
002258,利尔化学,2026-03-13
002259,升达林业,2026-03-13
002260,德奥退,2026-03-13
002261,拓维信息,2026-03-13
002262,恩华药业,2026-03-13
002263,大东南,2026-03-13
002264,新 华 都,2026-03-13
002265,建设工业,2026-03-13
002266,浙富控股,2026-03-13
002267,陕天然气,2026-03-13
002268,电科网安,2026-03-13
002269,美邦服饰,2026-03-13
002270,华明装备,2026-03-13
002271,东方雨虹,2026-03-13
002272,川润股份,2026-03-13
002273,水晶光电,2026-03-13
002274,华昌化工,2026-03-13
002275,桂林三金,2026-03-13
002276,万马股份,2026-03-13
002277,友阿股份,2026-03-13
002278,神开股份,2026-03-13
002279,久其软件,2026-03-13
002280,ST联络,2026-03-13
002281,光迅科技,2026-03-13
002282,博深股份,2026-03-13
002283,天润工业,2026-03-13
002284,亚太股份,2026-03-13
002285,世联行,2026-03-13
002286,保龄宝,2026-03-13
002287,奇正藏药,2026-03-13
002288,*ST超华,2026-03-13
002289,*ST宇顺,2026-03-13
002290,禾盛新材,2026-03-13
002291,遥望科技,2026-03-13
002292,奥飞娱乐,2026-03-13
002293,罗莱生活,2026-03-13
002294,信立泰,2026-03-13
002295,精艺股份,2026-03-13
002296,辉煌科技,2026-03-13
002297,博云新材,2026-03-13
002298,中电鑫龙,2026-03-13
002299,圣农发展,2026-03-13
002300,太阳电缆,2026-03-13
002301,齐心集团,2026-03-13
002302,西部建设,2026-03-13
002303,美盈森,2026-03-13
002304,洋河股份,2026-03-13
002305,*ST南置,2026-03-13
002306,*ST云网,2026-03-13
002307,北新路桥,2026-03-13
002308,*ST威创,2026-03-13
002309,中利集团,2026-03-13
002310,东方新能,2026-03-13
002311,海大集团,2026-03-13
002312,川发龙蟒,2026-03-13
002313,日海智能,2026-03-13
002314,南山控股,2026-03-13
002315,焦点科技,2026-03-13
002316,亚联发展,2026-03-13
002317,众生药业,2026-03-13
002318,久立特材,2026-03-13
002319,乐通股份,2026-03-13
002320,海峡股份,2026-03-13
002321,华英农业,2026-03-13
002322,理工能科,2026-03-13
002323,雅博股份,2026-03-13
002324,普利特,2026-03-13
002325,*ST洪涛,2026-03-13
002326,永太科技,2026-03-13
002327,富安娜,2026-03-13
002328,新朋股份,2026-03-13
002329,皇氏集团,2026-03-13
002330,得利斯,2026-03-13
002331,皖通科技,2026-03-13
002332,仙琚制药,2026-03-13
002333,罗普斯金,2026-03-13
002334,英威腾,2026-03-13
002335,科华数据,2026-03-13
002336,人乐退,2026-03-13
002337,赛象科技,2026-03-13
002338,奥普光电,2026-03-13
002339,积成电子,2026-03-13
002340,格林美,2026-03-13
002341,ST新纶,2026-03-13
002342,巨力索具,2026-03-13
002343,慈文传媒,2026-03-13
002344,海宁皮城,2026-03-13
002345,潮宏基,2026-03-13
002346,柘中股份,2026-03-13
002347,泰尔股份,2026-03-13
002348,高乐股份,2026-03-13
002349,精华制药,2026-03-13
002350,北京科锐,2026-03-13
002351,漫步者,2026-03-13
002352,顺丰控股,2026-03-13
002353,杰瑞股份,2026-03-13
002354,天娱数科,2026-03-13
002355,兴民智通,2026-03-13
002356,赫美集团,2026-03-13
002357,富临运业,2026-03-13
002358,森源电气,2026-03-13
002359,北讯退,2026-03-13
002360,同德化工,2026-03-13
002361,神剑股份,2026-03-13
002362,汉王科技,2026-03-13
002363,隆基机械,2026-03-13
002364,中恒电气,2026-03-13
002365,永安药业,2026-03-13
002366,融发核电,2026-03-13
002367,康力电梯,2026-03-13
002368,太极股份,2026-03-13
002369,卓翼科技,2026-03-13
002370,亚太药业,2026-03-13
002371,北方华创,2026-03-13
002372,伟星新材,2026-03-13
002373,千方科技,2026-03-13
002374,中锐股份,2026-03-13
002375,亚厦股份,2026-03-13
002376,新北洋,2026-03-13
002377,国创高新,2026-03-13
002378,章源钨业,2026-03-13
002379,宏桥控股,2026-03-13
002380,科远智慧,2026-03-13
002381,双箭股份,2026-03-13
002382,蓝帆医疗,2026-03-13
002383,合众思壮,2026-03-13
002384,东山精密,2026-03-13
002385,大北农,2026-03-13
002386,天原股份,2026-03-13
002387,维信诺,2026-03-13
002388,新亚制程,2026-03-13
002389,航天彩虹,2026-03-13
002390,信邦制药,2026-03-13
002391,长青股份,2026-03-13
002392,北京利尔,2026-03-13
002393,力生制药,2026-03-13
002394,联发股份,2026-03-13
002395,双象股份,2026-03-13
002396,星网锐捷,2026-03-13
002397,梦洁股份,2026-03-13
002398,垒知集团,2026-03-13
002399,海普瑞,2026-03-13
002400,省广集团,2026-03-13
002401,中远海科,2026-03-13
002402,和而泰,2026-03-13
002403,爱仕达,2026-03-13
002404,嘉欣丝绸,2026-03-13
002405,四维图新,2026-03-13
002406,远东传动,2026-03-13
002407,多氟多,2026-03-13
002408,齐翔腾达,2026-03-13
002409,雅克科技,2026-03-13
002410,广联达,2026-03-13
002411,必康退,2026-03-13
002412,汉森制药,2026-03-13
002413,雷科防务,2026-03-13
002414,高德红外,2026-03-13
002415,海康威视,2026-03-13
002416,爱施德,2026-03-13
002417,深南退,2026-03-13
002418,康盛股份,2026-03-13
002419,天虹股份,2026-03-13
002420,毅昌科技,2026-03-13
002421,达实智能,2026-03-13
002422,科伦药业,2026-03-13
002423,中粮资本,2026-03-13
002424,ST百灵,2026-03-13
002425,凯撒文化,2026-03-13
002426,胜利精密,2026-03-13
002427,尤夫股份,2026-03-13
002428,云南锗业,2026-03-13
002429,兆驰股份,2026-03-13
002430,杭氧股份,2026-03-13
002431,棕榈股份,2026-03-13
002432,九安医疗,2026-03-13
002433,太安退,2026-03-13
002434,万里扬,2026-03-13
002435,ST长康,2026-03-13
002436,兴森科技,2026-03-13
002437,誉衡药业,2026-03-13
002438,江苏神通,2026-03-13
002439,启明星辰,2026-03-13
002440,闰土股份,2026-03-13
002441,众业达,2026-03-13
002442,龙星科技,2026-03-13
002443,金洲管道,2026-03-13
002444,巨星科技,2026-03-13
002445,中南文化,2026-03-13
002446,盛路通信,2026-03-13
002447,晨鑫退,2026-03-13
002448,中原内配,2026-03-13
002449,国星光电,2026-03-13
002450,康得退,2026-03-13
002451,摩恩电气,2026-03-13
002452,长高电新,2026-03-13
002453,华软科技,2026-03-13
002454,松芝股份,2026-03-13
002455,百川股份,2026-03-13
002456,欧菲光,2026-03-13
002457,青龙管业,2026-03-13
002458,益生股份,2026-03-13
002459,晶澳科技,2026-03-13
002460,赣锋锂业,2026-03-13
002461,珠江啤酒,2026-03-13
002462,嘉事堂,2026-03-13
002463,沪电股份,2026-03-13
002464,众应退,2026-03-13
002465,海格通信,2026-03-13
002466,天齐锂业,2026-03-13
002467,二六三,2026-03-13
002468,申通快递,2026-03-13
002469,三维化学,2026-03-13
002470,金正大,2026-03-13
002471,中超控股,2026-03-13
002472,双环传动,2026-03-13
002473,圣莱退,2026-03-13
002474,榕基软件,2026-03-13
002475,立讯精密,2026-03-13
002476,宝莫股份,2026-03-13
002477,雏鹰退,2026-03-13
002478,常宝股份,2026-03-13
002479,富春环保,2026-03-13
002480,新筑股份,2026-03-13
002481,双塔食品,2026-03-13
002482,广田集团,2026-03-13
002483,润邦股份,2026-03-13
002484,江海股份,2026-03-13
002485,ST雪发,2026-03-13
002486,嘉麟杰,2026-03-13
002487,大金重工,2026-03-13
002488,金固股份,2026-03-13
002489,浙江永强,2026-03-13
002490,山东墨龙,2026-03-13
002491,通鼎互联,2026-03-13
002492,恒基达鑫,2026-03-13
002493,荣盛石化,2026-03-13
002494,华斯股份,2026-03-13
002495,佳隆股份,2026-03-13
002496,*ST辉丰,2026-03-13
002497,雅化集团,2026-03-13
002498,汉缆股份,2026-03-13
002499,科林退,2026-03-13
002500,山西证券,2026-03-13
002501,利源股份,2026-03-13
002502,ST鼎龙,2026-03-13
002503,*ST搜特,2026-03-13
002504,*ST弘高,2026-03-13
002505,鹏都农牧,2026-03-13
002506,协鑫集成,2026-03-13
002507,涪陵榨菜,2026-03-13
002508,老板电器,2026-03-13
002509,天茂退,2026-03-13
002510,天汽模,2026-03-13
002511,中顺洁柔,2026-03-13
002512,ST达华,2026-03-13
002513,蓝丰生化,2026-03-13
002514,宝馨科技,2026-03-13
002515,金字火腿,2026-03-13
002516,旷达科技,2026-03-13
002517,恺英网络,2026-03-13
002518,科士达,2026-03-13
002519,银河电子,2026-03-13
002520,日发精机,2026-03-13
002521,齐峰新材,2026-03-13
002522,浙江众成,2026-03-13
002523,天桥起重,2026-03-13
002524,光正眼科,2026-03-13
002526,山东矿机,2026-03-13
002527,新时达,2026-03-13
002528,ST英飞拓,2026-03-13
002529,*ST海源,2026-03-13
002530,金财互联,2026-03-13
002531,天顺风能,2026-03-13
002532,天山铝业,2026-03-13
002533,金杯电工,2026-03-13
002534,西子洁能,2026-03-13
002535,林州重机,2026-03-13
002536,飞龙股份,2026-03-13
002537,海联金汇,2026-03-13
002538,司尔特,2026-03-13
002539,云图控股,2026-03-13
002540,亚太科技,2026-03-13
002541,鸿路钢构,2026-03-13
002542,中化岩土,2026-03-13
002543,万和电气,2026-03-13
002544,普天科技,2026-03-13
002545,东方铁塔,2026-03-13
002546,新联电子,2026-03-13
002547,春兴精工,2026-03-13
002548,金新农,2026-03-13
002549,凯美特气,2026-03-13
002550,千红制药,2026-03-13
002551,尚荣医疗,2026-03-13
002552,宝鼎科技,2026-03-13
002553,南方精工,2026-03-13
002554,惠博普,2026-03-13
002555,三七互娱,2026-03-13
002556,辉隆股份,2026-03-13
002557,洽洽食品,2026-03-13
002558,巨人网络,2026-03-13
002559,亚威股份,2026-03-13
002560,通达股份,2026-03-13
002561,徐家汇,2026-03-13
002562,兄弟科技,2026-03-13
002563,森马服饰,2026-03-13
002564,天沃科技,2026-03-13
002565,顺灏股份,2026-03-13
002566,益盛药业,2026-03-13
002567,唐人神,2026-03-13
002568,百润股份,2026-03-13
002569,*ST步森,2026-03-13
002570,贝因美,2026-03-13
002571,德力股份,2026-03-13
002572,索菲亚,2026-03-13
002573,清新环境,2026-03-13
002574,明牌珠宝,2026-03-13
002575,群兴玩具,2026-03-13
002576,通达动力,2026-03-13
002577,雷柏科技,2026-03-13
002578,闽发铝业,2026-03-13
002579,中京电子,2026-03-13
002580,圣阳股份,2026-03-13
002581,ST未名,2026-03-13
002582,好想你,2026-03-13
002583,海能达,2026-03-13
002584,西陇科学,2026-03-13
002585,双星新材,2026-03-13
002586,ST围海,2026-03-13
002587,奥拓电子,2026-03-13
002588,史丹利,2026-03-13
002589,瑞康医药,2026-03-13
002590,万安科技,2026-03-13
002591,恒大高新,2026-03-13
002592,ST八菱,2026-03-13
002593,日上集团,2026-03-13
002594,比亚迪,2026-03-13
002595,豪迈科技,2026-03-13
002596,海南瑞泽,2026-03-13
002597,金禾实业,2026-03-13
002598,山东章鼓,2026-03-13
002599,盛通股份,2026-03-13
002600,领益智造,2026-03-13
002601,龙佰集团,2026-03-13
002602,世纪华通,2026-03-13
002603,以岭药业,2026-03-13
002604,龙力退,2026-03-13
002605,姚记科技,2026-03-13
002606,大连电瓷,2026-03-13
002607,中公教育,2026-03-13
002608,江苏国信,2026-03-13
002609,捷顺科技,2026-03-13
002610,ST爱康,2026-03-13
002611,东方精工,2026-03-13
002612,朗姿股份,2026-03-13
002613,北玻股份,2026-03-13
002614,奥佳华,2026-03-13
002615,哈尔斯,2026-03-13
002616,长青集团,2026-03-13
002617,露笑科技,2026-03-13
002618,丹邦退,2026-03-13
002619,*ST艾格,2026-03-13
002620,ST瑞和,2026-03-13
002621,*ST美吉,2026-03-13
002622,皓宸医疗,2026-03-13
002623,亚玛顿,2026-03-13
002624,完美世界,2026-03-13
002625,光启技术,2026-03-13
002626,金达威,2026-03-13
002627,三峡旅游,2026-03-13
002628,成都路桥,2026-03-13
002629,仁智股份,2026-03-13
002630,ST华西,2026-03-13
002631,德尔未来,2026-03-13
002632,道明光学,2026-03-13
002633,申科股份,2026-03-13
002634,棒杰股份,2026-03-13
002635,安洁科技,2026-03-13
002636,金安国纪,2026-03-13
002637,赞宇科技,2026-03-13
002638,勤上股份,2026-03-13
002639,雪人集团,2026-03-13
002640,跨境通,2026-03-13
002641,公元股份,2026-03-13
002642,荣联科技,2026-03-13
002643,万润股份,2026-03-13
002644,佛慈制药,2026-03-13
002645,华宏科技,2026-03-13
002646,天佑德酒,2026-03-13
002647,*ST仁东,2026-03-13
002648,卫星化学,2026-03-13
002649,博彦科技,2026-03-13
002650,ST加加,2026-03-13
002651,利君股份,2026-03-13
002652,扬子新材,2026-03-13
002653,海思科,2026-03-13
002654,万润科技,2026-03-13
002655,共达电声,2026-03-13
002656,*ST摩登,2026-03-13
002657,中科金财,2026-03-13
002658,雪迪龙,2026-03-13
002659,凯文教育,2026-03-13
002660,茂硕电源,2026-03-13
002661,克明食品,2026-03-13
002662,峰璟股份,2026-03-13
002663,普邦股份,2026-03-13
002664,信质集团,2026-03-13
002665,ST航高,2026-03-13
002666,德联集团,2026-03-13
002667,威领股份,2026-03-13
002668,TCL智家,2026-03-13
002669,康达新材,2026-03-13
002670,国盛证券,2026-03-13
002671,龙泉股份,2026-03-13
002672,东江环保,2026-03-13
002673,西部证券,2026-03-13
002674,兴业科技,2026-03-13
002675,东诚药业,2026-03-13
002676,顺威股份,2026-03-13
002677,浙江美大,2026-03-13
002678,珠江钢琴,2026-03-13
002679,福建金森,2026-03-13
002680,长生退,2026-03-13
002681,奋达科技,2026-03-13
002682,龙洲股份,2026-03-13
002683,广东宏大,2026-03-13
002684,猛狮退,2026-03-13
002685,华东重机,2026-03-13
002686,亿利达,2026-03-13
002687,乔治白,2026-03-13
002688,金河生物,2026-03-13
002689,ST远智,2026-03-13
002690,美亚光电,2026-03-13
002691,冀凯股份,2026-03-13
002692,远程股份,2026-03-13
002693,*ST双成,2026-03-13
002694,顾地科技,2026-03-13
002695,煌上煌,2026-03-13
002696,百洋股份,2026-03-13
002697,红旗连锁,2026-03-13
002698,博实股份,2026-03-13
002699,*ST美盛,2026-03-13
002700,万憬能源,2026-03-13
002701,奥瑞金,2026-03-13
002702,海欣食品,2026-03-13
002703,浙江世宝,2026-03-13
002705,新宝股份,2026-03-13
002706,良信股份,2026-03-13
002707,众信旅游,2026-03-13
002708,光洋股份,2026-03-13
002709,天赐材料,2026-03-13
002711,欧浦退,2026-03-13
002712,思美传媒,2026-03-13
002713,*ST东易,2026-03-13
002714,牧原股份,2026-03-13
002715,登云股份,2026-03-13
002716,湖南白银,2026-03-13
002717,ST岭南,2026-03-13
002718,友邦吊顶,2026-03-13
002719,麦趣尔,2026-03-13
002721,金一文化,2026-03-13
002722,物产金轮,2026-03-13
002723,小崧股份,2026-03-13
002724,海洋王,2026-03-13
002725,跃岭股份,2026-03-13
002726,龙大美食,2026-03-13
002727,一心堂,2026-03-13
002728,特一药业,2026-03-13
002729,好利科技,2026-03-13
002730,电光科技,2026-03-13
002731,ST萃华,2026-03-13
002732,燕塘乳业,2026-03-13
002733,雄韬股份,2026-03-13
002734,利民股份,2026-03-13
002735,王子新材,2026-03-13
002736,国信证券,2026-03-13
002737,葵花药业,2026-03-13
002738,中矿资源,2026-03-13
002739,万达电影,2026-03-13
002740,*ST爱迪,2026-03-13
002741,光华科技,2026-03-13
002742,*ST三圣,2026-03-13
002743,富煌钢构,2026-03-13
002745,木林森,2026-03-13
002746,仙坛股份,2026-03-13
002747,埃斯顿,2026-03-13
002748,世龙实业,2026-03-13
002749,国光股份,2026-03-13
002750,龙津退,2026-03-13
002751,易尚退,2026-03-13
002752,昇兴股份,2026-03-13
002753,永东股份,2026-03-13
002755,奥赛康,2026-03-13
002756,永兴材料,2026-03-13
002757,南兴股份,2026-03-13
002758,浙农股份,2026-03-13
002759,天际股份,2026-03-13
002760,凤形股份,2026-03-13
002761,浙江建投,2026-03-13
002762,*ST金比,2026-03-13
002763,汇洁股份,2026-03-13
002765,蓝黛科技,2026-03-13
002766,索菱股份,2026-03-13
002767,先锋电子,2026-03-13
002768,国恩股份,2026-03-13
002769,普路通,2026-03-13
002770,科迪退,2026-03-13
002771,真视通,2026-03-13
002772,众兴菌业,2026-03-13
002773,康弘药业,2026-03-13
002774,快意电梯,2026-03-13
002775,文科股份,2026-03-13
002776,*ST柏龙,2026-03-13
002777,久远银海,2026-03-13
002778,中晟高科,2026-03-13
002779,中坚科技,2026-03-13
002780,三夫户外,2026-03-13
002781,奇信退,2026-03-13
002782,可立克,2026-03-13
002783,凯龙股份,2026-03-13
002785,万里石,2026-03-13
002786,银宝山新,2026-03-13
002787,华源控股,2026-03-13
002788,鹭燕医药,2026-03-13
002789,*ST建艺,2026-03-13
002790,瑞尔特,2026-03-13
002791,坚朗五金,2026-03-13
002792,通宇通讯,2026-03-13
002793,罗欣药业,2026-03-13
002795,永和智控,2026-03-13
002796,世嘉科技,2026-03-13
002797,第一创业,2026-03-13
002798,帝欧水华,2026-03-13
002799,环球印务,2026-03-13
002800,天顺股份,2026-03-13
002801,微光股份,2026-03-13
002802,洪汇新材,2026-03-13
002803,吉宏股份,2026-03-13
002805,丰元股份,2026-03-13
002806,华锋股份,2026-03-13
002807,江阴银行,2026-03-13
002808,*ST恒久,2026-03-13
002809,红墙股份,2026-03-13
002810,山东赫达,2026-03-13
002811,郑中设计,2026-03-13
002812,恩捷股份,2026-03-13
002813,路畅科技,2026-03-13
002815,崇达技术,2026-03-13
002816,*ST和科,2026-03-13
002817,黄山胶囊,2026-03-13
002818,富森美,2026-03-13
002819,东方中科,2026-03-13
002820,桂发祥,2026-03-13
002821,凯莱英,2026-03-13
002822,ST中装,2026-03-13
002823,凯中精密,2026-03-13
002824,和胜股份,2026-03-13
002825,纳尔股份,2026-03-13
002826,易明医药,2026-03-13
002827,高争民爆,2026-03-13
002828,贝肯能源,2026-03-13
002829,星网宇达,2026-03-13
002830,名雕股份,2026-03-13
002831,裕同科技,2026-03-13
002832,比音勒芬,2026-03-13
002833,弘亚数控,2026-03-13
002835,同为股份,2026-03-13
002836,新宏泽,2026-03-13
002837,英维克,2026-03-13
002838,道恩股份,2026-03-13
002839,张家港行,2026-03-13
002840,华统股份,2026-03-13
002841,视源股份,2026-03-13
002842,翔鹭钨业,2026-03-13
002843,泰嘉股份,2026-03-13
002845,同兴达,2026-03-13
002846,英联股份,2026-03-13
002847,盐津铺子,2026-03-13
002848,*ST高斯,2026-03-13
002849,威星智能,2026-03-13
002850,科达利,2026-03-13
002851,麦格米特,2026-03-13
002852,道道全,2026-03-13
002853,皮阿诺,2026-03-13
002855,捷荣技术,2026-03-13
002856,美芝股份,2026-03-13
002857,三晖电气,2026-03-13
002858,力盛体育,2026-03-13
002859,洁美科技,2026-03-13
002860,星帅尔,2026-03-13
002861,瀛通通讯,2026-03-13
002862,实丰文化,2026-03-13
002863,今飞凯达,2026-03-13
002864,盘龙药业,2026-03-13
002865,钧达股份,2026-03-13
002866,传艺科技,2026-03-13
002867,周大生,2026-03-13
002868,*ST绿康,2026-03-13
002869,金溢科技,2026-03-13
002870,香山股份,2026-03-13
002871,伟隆股份,2026-03-13
002872,ST天圣,2026-03-13
002873,新天药业,2026-03-13
002875,安奈儿,2026-03-13
002876,三利谱,2026-03-13
002877,智能自控,2026-03-13
002878,元隆雅图,2026-03-13
002879,长缆科技,2026-03-13
002880,卫光生物,2026-03-13
002881,美格智能,2026-03-13
002882,金龙羽,2026-03-13
002883,中设股份,2026-03-13
002884,凌霄泵业,2026-03-13
002885,京泉华,2026-03-13
002886,沃特股份,2026-03-13
002887,绿茵生态,2026-03-13
002888,惠威科技,2026-03-13
002889,东方嘉盛,2026-03-13
002890,弘宇股份,2026-03-13
002891,中宠股份,2026-03-13
002892,科力尔,2026-03-13
002893,京能热力,2026-03-13
002895,川恒股份,2026-03-13
002896,中大力德,2026-03-13
002897,意华股份,2026-03-13
002898,*ST赛隆,2026-03-13
002899,英派斯,2026-03-13
002900,哈三联,2026-03-13
002901,大博医疗,2026-03-13
002902,铭普光磁,2026-03-13
002903,宇环数控,2026-03-13
002905,金逸影视,2026-03-13
002906,华阳集团,2026-03-13
002907,华森制药,2026-03-13
002908,德生科技,2026-03-13
002909,集泰股份,2026-03-13
002910,庄园牧场,2026-03-13
002911,佛燃能源,2026-03-13
002912,中新赛克,2026-03-13
002913,奥士康,2026-03-13
002915,中欣氟材,2026-03-13
002916,深南电路,2026-03-13
002917,金奥博,2026-03-13
002918,蒙娜丽莎,2026-03-13
002919,名臣健康,2026-03-13
002920,德赛西威,2026-03-13
002921,联诚精密,2026-03-13
002922,伊戈尔,2026-03-13
002923,润都股份,2026-03-13
002925,盈趣科技,2026-03-13
002926,华西证券,2026-03-13
002927,泰永长征,2026-03-13
002928,华夏航空,2026-03-13
002929,润建股份,2026-03-13
002930,宏川智慧,2026-03-13
002931,锋龙股份,2026-03-13
002932,明德生物,2026-03-13
002933,新兴装备,2026-03-13
002935,天奥电子,2026-03-13
002936,郑州银行,2026-03-13
002937,兴瑞科技,2026-03-13
002938,鹏鼎控股,2026-03-13
002939,长城证券,2026-03-13
002940,昂利康,2026-03-13
002941,新疆交建,2026-03-13
002942,新农股份,2026-03-13
002943,宇晶股份,2026-03-13
002945,华林证券,2026-03-13
002946,新乳业,2026-03-13
002947,恒铭达,2026-03-13
002948,青岛银行,2026-03-13
002949,华阳国际,2026-03-13
002950,奥美医疗,2026-03-13
002951,金时科技,2026-03-13
002952,亚世光电,2026-03-13
002953,日丰股份,2026-03-13
002955,鸿合科技,2026-03-13
002956,西麦食品,2026-03-13
002957,科瑞技术,2026-03-13
002958,青农商行,2026-03-13
002959,小熊电器,2026-03-13
002960,青鸟消防,2026-03-13
002961,瑞达期货,2026-03-13
002962,五方光电,2026-03-13
002963,豪尔赛,2026-03-13
002965,祥鑫科技,2026-03-13
002966,苏州银行,2026-03-13
002967,广电计量,2026-03-13
002968,新大正,2026-03-13
002969,嘉美包装,2026-03-13
002970,锐明技术,2026-03-13
002971,和远气体,2026-03-13
002972,科安达,2026-03-13
002973,侨银股份,2026-03-13
002975,博杰股份,2026-03-13
002976,瑞玛精密,2026-03-13
002977,天箭科技,2026-03-13
002978,安宁股份,2026-03-13
002979,雷赛智能,2026-03-13
002980,华盛昌,2026-03-13
002981,朝阳科技,2026-03-13
002982,湘佳股份,2026-03-13
002983,芯瑞达,2026-03-13
002984,森麒麟,2026-03-13
002985,北摩高科,2026-03-13
002986,宇新股份,2026-03-13
002987,京北方,2026-03-13
002988,豪美新材,2026-03-13
002989,中天精装,2026-03-13
002990,盛视科技,2026-03-13
002991,甘源食品,2026-03-13
002992,宝明科技,2026-03-13
002993,奥海科技,2026-03-13
002995,天地在线,2026-03-13
002996,顺博合金,2026-03-13
002997,瑞鹄模具,2026-03-13
002998,优彩资源,2026-03-13
002999,天禾股份,2026-03-13
003000,劲仔食品,2026-03-13
003001,中岩大地,2026-03-13
003002,壶化股份,2026-03-13
003003,天元股份,2026-03-13
003004,*ST声迅,2026-03-13
003005,竞业达,2026-03-13
003006,百亚股份,2026-03-13
003007,直真科技,2026-03-13
003008,开普检测,2026-03-13
003009,中天火箭,2026-03-13
003010,若羽臣,2026-03-13
003011,海象新材,2026-03-13
003012,东鹏控股,2026-03-13
003013,地铁设计,2026-03-13
003015,日久光电,2026-03-13
003016,欣贺股份,2026-03-13
003017,大洋生物,2026-03-13
003018,金富科技,2026-03-13
003019,宸展光电,2026-03-13
003020,立方制药,2026-03-13
003021,兆威机电,2026-03-13
003022,联泓新科,2026-03-13
003023,彩虹集团,2026-03-13
003025,思进智能,2026-03-13
003026,中晶科技,2026-03-13
003027,同兴科技,2026-03-13
003028,振邦智能,2026-03-13
003029,吉大正元,2026-03-13
003030,祖名股份,2026-03-13
003031,中瓷电子,2026-03-13
003032,*ST传智,2026-03-13
003033,征和工业,2026-03-13
003035,南网能源,2026-03-13
003036,泰坦股份,2026-03-13
003037,三和管桩,2026-03-13
003038,鑫铂股份,2026-03-13
003039,顺控发展,2026-03-13
003040,楚天龙,2026-03-13
003041,真爱美家,2026-03-13
003042,中农联合,2026-03-13
003043,华亚智能,2026-03-13
003816,中国广核,2026-03-13
159001,货币ETF易方达,2026-03-13
159003,招商快线ETF,2026-03-13
159005,汇添富快钱ETF,2026-03-13
159100,巴西ETF,2026-03-13
159101,港股通科技ETF基金,2026-03-13
159102,港股通生物科技ETF华安,2026-03-13
159103,金融科技ETF汇添富,2026-03-13
159105,恒生生物科技ETF易方达,2026-03-13
159106,民企300ETF前海开源,2026-03-13
159107,创业板软件ETF富国,2026-03-13
159108,工业软件ETF博时,2026-03-13
159109,恒生50ETF景顺,2026-03-13
159110,科创债ETF万家,2026-03-13
159111,科创债ETF天弘,2026-03-13
159112,科创债ETF银华,2026-03-13
159113,科创债ETF大成,2026-03-13
159115,科创债ETF华安,2026-03-13
159116,科创债ETF工银,2026-03-13
159117,港股通红利低波ETF,2026-03-13
159118,港股通红利低波ETF基金,2026-03-13
159119,800现金流ETF,2026-03-13
159120,港股科技30ETF,2026-03-13
159121,港股通汽车ETF易方达,2026-03-13
159122,创业板新能源ETF富国,2026-03-13
159123,光伏ETF嘉实,2026-03-13
159125,港股通科技ETF招商,2026-03-13
159126,港股通50ETF南方,2026-03-13
159127,港股通红利ETF南方,2026-03-13
159128,港股科技ETF天弘,2026-03-13
159129,化工ETF嘉实,2026-03-13
159130,恒生生物科技ETF鹏华,2026-03-13
159131,港股信息技术ETF,2026-03-13
159132,恒生生物科技ETF富国,2026-03-13
159133,化工ETF天弘,2026-03-13
159135,港股通科技ETF前海开源,2026-03-13
159136,A50ETF广发,2026-03-13
159137,港股通医疗ETF华宝,2026-03-13
159138,工程机械ETF易方达,2026-03-13
159139,科创创业人工智能ETF华泰柏瑞,2026-03-13
159140,科创创业人工智能ETF易方达,2026-03-13
159141,科创创业人工智能ETF永赢,2026-03-13
159142,科创创业人工智能ETF景顺,2026-03-13
159143,港股通央企红利ETF平安,2026-03-13
159145,工业软件ETF广发,2026-03-13
159146,电力ETF华宝,2026-03-13
159147,电池ETF南方,2026-03-13
159148,石油ETF富国,2026-03-13
159149,创业板新能源ETF工银,2026-03-13
159150,深证50ETF易方达,2026-03-13
159151,食品ETF华夏,2026-03-13
159152,港股通科技ETF平安,2026-03-13
159153,消费电子ETF鹏华,2026-03-13
159155,电池ETF大成,2026-03-13
159156,电池ETF万家,2026-03-13
159157,有色金属ETF天弘,2026-03-13
159158,电力ETF景顺,2026-03-13
159159,公用事业ETF国投瑞银,2026-03-13
159162,工业有色ETF鹏华,2026-03-13
159163,有色ETF泰康,2026-03-13
159165,养殖ETF永赢,2026-03-13
159167,港股通医疗ETF工银,2026-03-13
159168,有色ETF富国,2026-03-13
159169,恒生生物科技ETF广发,2026-03-13
159171,工业有色ETF博时,2026-03-13
159175,电池ETF易方达,2026-03-13
159200,科创债ETF富国,2026-03-13
159201,自由现金流ETF,2026-03-13
159202,恒生互联网ETF万家,2026-03-13
159203,大盘成长ETF博时,2026-03-13
159205,创业板ETF东财,2026-03-13
159206,卫星ETF,2026-03-13
159207,高股息ETF,2026-03-13
159208,航空航天ETF万家,2026-03-13
159209,中证红利质量ETF,2026-03-13
159210,港股通汽车ETF汇添富,2026-03-13
159211,深证100ETF富国,2026-03-13
159212,深100ETF南方,2026-03-13
159213,机器人ETF汇添富,2026-03-13
159215,中证A500ETF指数基金,2026-03-13
159216,深证100ETF大成,2026-03-13
159217,港股通创新药ETF工银,2026-03-13
159218,卫星ETF招商,2026-03-13
159219,深证100ETF融通,2026-03-13
159220,港股通红利低波ETF华宝,2026-03-13
159221,现金流ETF嘉实,2026-03-13
159222,自由现金流ETF易方达,2026-03-13
159223,现金流ETF永赢,2026-03-13
159225,现金流ETF基金,2026-03-13
159226,中证A500增强ETF国泰,2026-03-13
159227,航空航天ETF,2026-03-13
159228,红利低波ETF长城,2026-03-13
159229,自由现金流ETF广发,2026-03-13
159230,通用航空ETF华夏,2026-03-13
159231,通用航空ETF华宝,2026-03-13
159232,自由现金流ETF南方,2026-03-13
159233,自由现金流ETF基金,2026-03-13
159235,中证现金流ETF大成,2026-03-13
159236,自由现金流ETF工银,2026-03-13
159237,港股汽车ETF工银,2026-03-13
159238,300ETF增强,2026-03-13
159239,港股通汽车ETF富国,2026-03-13
159240,中证A500增强ETF天弘,2026-03-13
159241,航空航天ETF天弘,2026-03-13
159242,创业板人工智能ETF大成,2026-03-13
159243,创业板人工智能ETF招商,2026-03-13
159245,港股通消费ETF,2026-03-13
159246,创业板人工智能ETF富国,2026-03-13
159247,创业板ETF汇添富,2026-03-13
159248,人工智能ETF万家,2026-03-13
159249,A500增强ETF工银,2026-03-13
159251,港股通科技ETF万家,2026-03-13
159253,银行ETF博时,2026-03-13
159255,通用航空ETF易方达,2026-03-13
159256,创业板软件ETF华夏,2026-03-13
159257,航空ETF汇添富,2026-03-13
159258,机器人ETF南方,2026-03-13
159259,成长ETF易方达,2026-03-13
159260,证券ETF博时,2026-03-13
159261,创业板新能源ETF鹏华,2026-03-13
159262,港股通科技ETF,2026-03-13
159263,价值ETF易方达,2026-03-13
159265,港股消费ETF鹏华,2026-03-13
159266,港股通央企红利ETF,2026-03-13
159267,航天ETF华安,2026-03-13
159268,港股通消费ETF汇添富,2026-03-13
159269,港股通科技ETF南方,2026-03-13
159270,创业板200ETF南方,2026-03-13
159271,恒生ETF鹏华,2026-03-13
159272,机器人ETF富国,2026-03-13
159273,云计算ETF汇添富,2026-03-13
159275,农牧渔ETF,2026-03-13
159276,现金流ETF汇添富,2026-03-13
159277,港股通红利ETF富国,2026-03-13
159278,机器人ETF鹏华,2026-03-13
159279,创业板人工智能ETF华安,2026-03-13
159280,港股通互联网ETF汇添富,2026-03-13
159281,港股通央企红利ETF天弘,2026-03-13
159283,通用航空ETF南方,2026-03-13
159285,港股通消费ETF华安,2026-03-13
159286,港股通创新药ETF鹏华,2026-03-13
159287,创业板综ETF博时,2026-03-13
159288,创业板综ETF银华,2026-03-13
159289,创业板综指ETF鹏华,2026-03-13
159290,创业板综指增强ETF东财,2026-03-13
159291,创业板综增强ETF招商,2026-03-13
159292,创业板综增强ETF华宝,2026-03-13
159293,创业板综增强ETF建信,2026-03-13
159295,创业综指ETF西部利得,2026-03-13
159296,A500红利低波ETF,2026-03-13
159297,港股通创新药ETF南方,2026-03-13
159298,创业板50ETF大成,2026-03-13
159299,金融科技ETF易方达,2026-03-13
159300,300ETF,2026-03-13
159301,公用事业ETF,2026-03-13
159302,港股高股息ETF,2026-03-13
159303,恒生医疗ETF大成,2026-03-13
159305,储能电池ETF广发,2026-03-13
159306,汽车零件ETF,2026-03-13
159307,红利低波100ETF博时,2026-03-13
159309,油气ETF汇添富,2026-03-13
159310,芯片ETF天弘,2026-03-13
159311,数字经济ETF易方达,2026-03-13
159312,恒指港股通ETF广发,2026-03-13
159315,黄金股ETF工银,2026-03-13
159316,港股通创新药ETF易方达,2026-03-13
159318,恒指港股通ETF银华,2026-03-13
159319,粮食产业ETF,2026-03-13
159320,电网设备ETF广发,2026-03-13
159321,黄金股ETF华安,2026-03-13
159322,黄金股票ETF基金,2026-03-13
159323,港股通汽车ETF,2026-03-13
159325,半导体ETF南方,2026-03-13
159326,电网设备ETF,2026-03-13
159327,半导体设备ETF万家,2026-03-13
159328,家电ETF易方达,2026-03-13
159329,沙特ETF南方,2026-03-13
159330,沪深300ETF东财,2026-03-13
159331,红利港股ETF国泰,2026-03-13
159332,央企红利ETF富国,2026-03-13
159333,港股央企红利ETF万家,2026-03-13
159335,央企科创ETF融通,2026-03-13
159336,央企红利ETF融通,2026-03-13
159337,中证500ETF东财,2026-03-13
159338,中证A500ETF,2026-03-13
159339,A500ETF,2026-03-13
159350,深证50ETF富国,2026-03-13
159351,A500ETF嘉实,2026-03-13
159352,A500ETF南方,2026-03-13
159353,中证A500ETF景顺,2026-03-13
159355,800红利低波ETF,2026-03-13
159356,A500ETF万家,2026-03-13
159357,A500ETF博时,2026-03-13
159358,中证A500ETF大成,2026-03-13
159359,A500ETF华安,2026-03-13
159360,中证A500ETF天弘,2026-03-13
159361,A500ETF易方达,2026-03-13
159362,A500ETF工银,2026-03-13
159363,创业板人工智能ETF华宝,2026-03-13
159365,恒指ETF,2026-03-13
159366,港股医疗ETF永赢,2026-03-13
159367,创业板50ETF华夏,2026-03-13
159368,创业板新能源ETF华夏,2026-03-13
159369,创业板50ETF易方达,2026-03-13
159370,创50ETF工银,2026-03-13
159371,创业板50ETF富国,2026-03-13
159372,创业板50ETF万家,2026-03-13
159373,创业板50ETF嘉实,2026-03-13
159375,创业板50ETF国泰,2026-03-13
159376,A500ETF浦银,2026-03-13
159377,创业板医药ETF国泰,2026-03-13
159378,通用航空ETF,2026-03-13
159379,A500ETF融通,2026-03-13
159380,A500ETF东财,2026-03-13
159381,创业板人工智能ETF华夏,2026-03-13
159382,创业板人工智能ETF南方,2026-03-13
159383,创业板50ETF华泰柏瑞,2026-03-13
159385,数字经济ETF富国,2026-03-13
159386,A500ETF永赢,2026-03-13
159387,创业板新能源ETF国泰,2026-03-13
159388,创业板人工智能ETF国泰,2026-03-13
159389,数字经济ETF嘉实,2026-03-13
159390,中证A50ETF国联,2026-03-13
159391,大盘价值ETF博时,2026-03-13
159392,航空ETF,2026-03-13
159393,沪深300ETF万家,2026-03-13
159395,信用债ETF大成,2026-03-13
159396,信用债ETF博时,2026-03-13
159397,信用债ETF广发,2026-03-13
159398,信用债ETF天弘,2026-03-13
159399,现金流ETF,2026-03-13
159400,科创债ETF景顺,2026-03-13
159500,500ETF,2026-03-13
159501,纳指ETF嘉实,2026-03-13
159502,标普生物科技ETF嘉实,2026-03-13
159505,国证2000ETF博时,2026-03-13
159506,港股通医疗ETF富国,2026-03-13
159507,通信ETF广发,2026-03-13
159508,生物医药ETF华安,2026-03-13
159509,纳指科技ETF,2026-03-13
159510,沪深300价值ETF,2026-03-13
159511,通信ETF南方,2026-03-13
159512,汽车ETF,2026-03-13
159513,纳斯达克100ETF大成,2026-03-13
159515,国企红利ETF,2026-03-13
159516,半导体设备ETF,2026-03-13
159517,中证800增强ETF银华,2026-03-13
159518,标普油气ETF嘉实,2026-03-13
159519,港股国企ETF国泰,2026-03-13
159520,消费龙头ETF工银,2026-03-13
159521,国证2000ETF指数基金,2026-03-13
159523,沪深300成长ETF华夏,2026-03-13
159525,红利低波ETF,2026-03-13
159526,机器人ETF嘉实,2026-03-13
159527,云计算ETF广发,2026-03-13
159528,国企改革ETF富国,2026-03-13
159529,标普消费ETF,2026-03-13
159530,机器人ETF易方达,2026-03-13
159531,中证2000ETF,2026-03-13
159532,中证2000ETF易方达,2026-03-13
159533,中证2000ETF博时,2026-03-13
159535,中证2000ETF嘉实,2026-03-13
159536,中证2000ETF汇添富,2026-03-13
159537,信创ETF,2026-03-13
159538,信创ETF富国,2026-03-13
159539,信创ETF广发,2026-03-13
159540,信创ETF易方达,2026-03-13
159541,创业板综ETF万家,2026-03-13
159542,工程机械ETF大成,2026-03-13
159543,国证2000ETF工银,2026-03-13
159545,恒生红利低波ETF易方达,2026-03-13
159546,集成电路ETF,2026-03-13
159547,红利低波ETF华夏,2026-03-13
159549,红利低波ETF天弘,2026-03-13
159550,互联网ETF东财,2026-03-13
159551,机器人ETF国泰,2026-03-13
159552,中证2000增强ETF招商,2026-03-13
159553,中证2000增强ETF海富通,2026-03-13
159555,中证2000增强ETF银华,2026-03-13
159556,中证2000ETF增强,2026-03-13
159557,恒生医疗ETF嘉实,2026-03-13
159558,半导体设备ETF易方达,2026-03-13
159559,机器人50ETF,2026-03-13
159560,芯片ETF景顺,2026-03-13
159561,德国ETF嘉实,2026-03-13
159562,黄金股ETF,2026-03-13
159563,创业板综ETF华夏,2026-03-13
159565,汽车零部件ETF易方达,2026-03-13
159566,储能电池ETF易方达,2026-03-13
159567,港股创新药ETF,2026-03-13
159568,港股互联网ETF博时,2026-03-13
159569,港股红利低波ETF景顺,2026-03-13
159570,港股通创新药ETF,2026-03-13
159571,创业板200ETF富国,2026-03-13
159572,创业板200ETF易方达,2026-03-13
159573,创业板200ETF华夏,2026-03-13
159575,创业板200ETF银华,2026-03-13
159576,深证100ETF广发,2026-03-13
159577,美国50ETF汇添富,2026-03-13
159578,深证主板50ETF南方,2026-03-13
159581,红利ETF万家,2026-03-13
159582,半导体ETF博时,2026-03-13
159583,通信设备ETF,2026-03-13
159585,软件ETF富国,2026-03-13
159586,计算机ETF南方,2026-03-13
159587,粮食ETF广发,2026-03-13
159588,石油ETF景顺,2026-03-13
159589,红利ETF广发,2026-03-13
159590,软件ETF汇添富,2026-03-13
159591,中证A50ETF,2026-03-13
159592,A50ETF基金,2026-03-13
159593,中证A50指数ETF,2026-03-13
159595,中证A50ETF大成,2026-03-13
159596,A50ETF华宝,2026-03-13
159597,创业板成长ETF易方达,2026-03-13
159599,芯片ETF东财,2026-03-13
159600,科创债ETF嘉实,2026-03-13
159601,A50ETF,2026-03-13
159602,中国A50ETF南方,2026-03-13
159603,双创龙头ETF,2026-03-13
159605,中概互联ETF,2026-03-13
159606,中证500成长ETF易方达,2026-03-13
159607,中概互联网ETF嘉实,2026-03-13
159608,稀有金属ETF,2026-03-13
159609,光伏ETF浦银,2026-03-13
159610,500ETF增强,2026-03-13
159611,电力ETF,2026-03-13
159612,标普500ETF,2026-03-13
159613,信息安全ETF嘉实,2026-03-13
159615,恒生生物科技ETF南方,2026-03-13
159616,农牧ETF建信,2026-03-13
159617,中证500价值ETF华夏,2026-03-13
159618,光伏ETF华安,2026-03-13
159619,基建ETF,2026-03-13
159620,中证500成长ETF华夏,2026-03-13
159621,ESGETF国泰,2026-03-13
159622,创新药ETF东财,2026-03-13
159623,成渝经济圈ETF博时,2026-03-13
159625,绿色电力ETF嘉实,2026-03-13
159627,A100ETF华夏,2026-03-13
159628,国证2000ETF万家,2026-03-13
159629,1000ETF,2026-03-13
159630,A100ETF汇添富,2026-03-13
159631,A100ETF招商,2026-03-13
159632,纳斯达克ETF华安,2026-03-13
159633,中证1000ETF易方达,2026-03-13
159635,基建ETF华夏,2026-03-13
159636,港股通科技30ETF工银,2026-03-13
159637,新能源车ETF东财,2026-03-13
159638,高端装备ETF嘉实,2026-03-13
159639,碳中和ETF南方,2026-03-13
159640,碳中和龙头ETF工银,2026-03-13
159641,碳中和ETF招商,2026-03-13
159642,碳中和ETF大成,2026-03-13
159643,疫苗ETF,2026-03-13
159645,疫苗ETF富国,2026-03-13
159647,中药ETF,2026-03-13
159649,国开债ETF华安,2026-03-13
159650,国开债ETF博时,2026-03-13
159651,国开债券ETF,2026-03-13
159652,有色ETF汇添富,2026-03-13
159653,ESG300ETF,2026-03-13
159655,标普ETF,2026-03-13
159656,沪深300成长ETF万家,2026-03-13
159657,疫苗ETF鹏华,2026-03-13
159658,数字经济ETF华安,2026-03-13
159659,纳斯达克100ETF,2026-03-13
159660,纳指ETF汇添富,2026-03-13
159661,A100ETF嘉实,2026-03-13
159662,交运ETF南方,2026-03-13
159663,机床ETF,2026-03-13
159665,半导体龙头ETF工银,2026-03-13
159666,交通运输ETF,2026-03-13
159667,工业母机ETF,2026-03-13
159669,绿色电力ETF国泰,2026-03-13
159670,消费50ETF国联安,2026-03-13
159671,稀有金属ETF工银,2026-03-13
159672,消费ETF博时,2026-03-13
159673,沪深300ETF鹏华,2026-03-13
159675,创业板增强ETF嘉实,2026-03-13
159676,创业板增强ETF富国,2026-03-13
159677,中证1000增强ETF银华,2026-03-13
159678,500增强ETF博时,2026-03-13
159679,中证1000增强ETF国泰,2026-03-13
159680,中证1000增强ETF招商,2026-03-13
159681,创50ETF,2026-03-13
159682,创业板50ETF景顺,2026-03-13
159685,1000增强ETF天弘,2026-03-13
159686,A100ETF易方达,2026-03-13
159687,亚太精选ETF南方,2026-03-13
159688,恒生互联网ETF华安,2026-03-13
159689,消费ETF南方,2026-03-13
159690,有色矿业ETF招商,2026-03-13
159691,港股红利ETF工银,2026-03-13
159692,证券ETF东财,2026-03-13
159695,通信ETF嘉实,2026-03-13
159696,纳指ETF易方达,2026-03-13
159697,石油ETF鹏华,2026-03-13
159698,粮食ETF,2026-03-13
159699,恒生消费ETF,2026-03-13
159700,科创债ETF南方,2026-03-13
159701,物联网ETF招商,2026-03-13
159703,新材料ETF,2026-03-13
159706,深证100ETF华安,2026-03-13
159707,地产ETF,2026-03-13
159708,红利ETF西部利得,2026-03-13
159709,物联网ETF工银,2026-03-13
159711,港股通50ETF华夏,2026-03-13
159712,港股通50ETF国泰,2026-03-13
159713,稀土ETF,2026-03-13
159715,稀土ETF易方达,2026-03-13
159716,深证100ETF华宝,2026-03-13
159717,ESGETF,2026-03-13
159718,港股医药ETF,2026-03-13
159719,国企共赢ETF,2026-03-13
159720,智能车ETF泰康,2026-03-13
159721,深证100ETF永赢,2026-03-13
159723,科技龙头ETF汇添富,2026-03-13
159725,线上消费ETF工银,2026-03-13
159726,港股通高股息ETF华夏,2026-03-13
159728,在线消费ETF南方,2026-03-13
159729,互联网ETF汇添富,2026-03-13
159730,家电ETF博时,2026-03-13
159731,石化ETF,2026-03-13
159732,消费电子ETF,2026-03-13
159735,港股消费ETF银华,2026-03-13
159736,食品饮料ETF天弘,2026-03-13
159738,云计算ETF华泰柏瑞,2026-03-13
159739,云计算ETF鹏华,2026-03-13
159740,恒生科技ETF大成,2026-03-13
159741,恒生科技ETF嘉实,2026-03-13
159742,恒生科技ETF博时,2026-03-13
159743,湖北ETF博时,2026-03-13
159745,建材ETF,2026-03-13
159747,香港科技ETF南方,2026-03-13
159748,创新药ETF富国,2026-03-13
159750,港股科技50ETF招商,2026-03-13
159751,港股通科技ETF鹏华,2026-03-13
159752,新能源ETF申万菱信,2026-03-13
159755,电池ETF,2026-03-13
159756,BOCI电池ETF,2026-03-13
159757,电池ETF景顺,2026-03-13
159758,红利质量ETF,2026-03-13
159760,医疗健康ETF泰康,2026-03-13
159761,新材料ETF国泰,2026-03-13
159763,新材料ETF建信,2026-03-13
159766,旅游ETF,2026-03-13
159767,电池龙头ETF兴银,2026-03-13
159768,房地产ETF银华,2026-03-13
159770,机器人ETF,2026-03-13
159773,创业板科技ETF华泰柏瑞,2026-03-13
159775,电池ETF建信,2026-03-13
159776,港股医药ETF银华,2026-03-13
159777,创科技ETF,2026-03-13
159778,工业互联网ETF鹏华,2026-03-13
159779,消费电子50ETF,2026-03-13
159780,科创创业50ETF南方,2026-03-13
159781,科创创业ETF易方达,2026-03-13
159782,双创50ETF,2026-03-13
159783,科创创业50ETF,2026-03-13
159786,VRETF,2026-03-13
159787,建材ETF易方达,2026-03-13
159788,港股通100ETF易方达,2026-03-13
159790,碳中和ETF,2026-03-13
159791,300ESGETF华夏,2026-03-13
159792,港股通互联网ETF,2026-03-13
159793,线上消费ETF基金,2026-03-13
159795,智能汽车ETF汇添富,2026-03-13
159796,电池ETF汇添富,2026-03-13
159797,医疗器械ETF汇添富,2026-03-13
159798,消费ETF易方达,2026-03-13
159799,港股通消费ETF,2026-03-13
159800,中证800ETF鹏华,2026-03-13
159801,芯片ETF广发,2026-03-13
159804,创中盘88ETF国寿,2026-03-13
159805,传媒ETF,2026-03-13
159806,新能源车ETF,2026-03-13
159807,科技ETF易方达,2026-03-13
159808,创100ETF融通,2026-03-13
159810,创业板ETF浦银,2026-03-13
159811,5GETF博时,2026-03-13
159812,黄金ETF前海开源,2026-03-13
159813,半导体ETF,2026-03-13
159814,创业大盘ETF西部利得,2026-03-13
159816,0-4地债ETF,2026-03-13
159819,人工智能ETF易方达,2026-03-13
159820,中证500ETF天弘,2026-03-13
159821,创业板ETF中银证券,2026-03-13
159822,新经济ETF银华,2026-03-13
159824,新能源车ETF博时,2026-03-13
159825,农业ETF,2026-03-13
159827,农业ETF银华,2026-03-13
159828,医疗ETF,2026-03-13
159830,上海金ETF,2026-03-13
159831,金ETF嘉实,2026-03-13
159834,金ETF南方,2026-03-13
159835,创新药ETF建信,2026-03-13
159836,创业板300ETF天弘,2026-03-13
159837,生物科技ETF易方达,2026-03-13
159838,医药50ETF博时,2026-03-13
159839,生物医药ETF汇添富,2026-03-13
159840,锂电池ETF工银,2026-03-13
159841,证券ETF,2026-03-13
159842,券商ETF,2026-03-13
159843,食品饮料ETF,2026-03-13
159845,中证1000ETF,2026-03-13
159847,医疗ETF易方达,2026-03-13
159848,证券ETF国联安,2026-03-13
159849,生物科技ETF招商,2026-03-13
159850,恒生国企ETF,2026-03-13
159851,金融科技ETF,2026-03-13
159852,软件ETF,2026-03-13
159855,影视ETF,2026-03-13
159856,互联网龙头ETF工银,2026-03-13
159857,光伏ETF,2026-03-13
159858,创新药ETF南方,2026-03-13
159859,生物医药ETF,2026-03-13
159861,碳中和50ETF国泰,2026-03-13
159862,食品饮料ETF银华,2026-03-13
159863,光伏ETF鹏华,2026-03-13
159864,光伏ETF国泰,2026-03-13
159865,养殖ETF,2026-03-13
159866,日经ETF工银,2026-03-13
159867,畜牧ETF,2026-03-13
159869,游戏ETF,2026-03-13
159870,化工ETF,2026-03-13
159871,有色ETF银华,2026-03-13
159872,智能网联汽车ETF,2026-03-13
159873,医疗设备ETF,2026-03-13
159875,新能源ETF嘉实,2026-03-13
159876,有色ETF华宝,2026-03-13
159877,医疗ETF南方,2026-03-13
159880,有色ETF鹏华,2026-03-13
159881,有色金属ETF国泰,2026-03-13
159883,医疗器械ETF,2026-03-13
159885,碳中和ETF鹏华,2026-03-13
159886,机械ETF富国,2026-03-13
159887,银行ETF,2026-03-13
159888,智能汽车ETF华夏,2026-03-13
159889,智能汽车ETF,2026-03-13
159890,云计算ETF,2026-03-13
159891,医疗ETF建信,2026-03-13
159892,恒生医药ETF,2026-03-13
159895,物联网ETF易方达,2026-03-13
159896,物联网ETF南方,2026-03-13
159898,医疗器械ETF招商,2026-03-13
159899,软件ETF招商,2026-03-13
159901,深证100ETF易方达,2026-03-13
159902,中小100ETF华夏,2026-03-13
159903,深成ETF南方,2026-03-13
159905,红利ETF工银,2026-03-13
159906,深成长ETF大成,2026-03-13
159907,2000ETF,2026-03-13
159908,创业板ETF博时,2026-03-13
159909,TMT50ETF招商,2026-03-13
159910,基本面120ETF嘉实,2026-03-13
159912,深300ETF汇添富,2026-03-13
159913,深价值ETF交银,2026-03-13
159915,创业板ETF易方达,2026-03-13
159916,基本面ETF建信,2026-03-13
159918,中创400ETF嘉实,2026-03-13
159919,沪深300ETF嘉实,2026-03-13
159920,恒生ETF,2026-03-13
159922,中证500ETF嘉实,2026-03-13
159923,中证A100ETF大成,2026-03-13
159925,沪深300ETF南方,2026-03-13
159928,消费ETF,2026-03-13
159929,医药ETF,2026-03-13
159930,能源ETF,2026-03-13
159931,金融ETF,2026-03-13
159933,金融地产ETF国投瑞银,2026-03-13
159934,黄金ETF易方达,2026-03-13
159935,中证500ETF景顺,2026-03-13
159936,可选消费ETF,2026-03-13
159937,黄金ETF博时,2026-03-13
159938,医药ETF广发,2026-03-13
159939,信息技术ETF,2026-03-13
159940,金融地产ETF,2026-03-13
159941,纳指ETF,2026-03-13
159943,深证成指ETF大成,2026-03-13
159944,材料ETF,2026-03-13
159945,能源ETF广发,2026-03-13
159948,创业板ETF南方,2026-03-13
159949,创业板50ETF华安,2026-03-13
159952,创业板ETF广发,2026-03-13
159954,恒生中国企业ETF南方,2026-03-13
159956,创业板ETF建信,2026-03-13
159957,创业板ETF华夏,2026-03-13
159958,创业板ETF工银,2026-03-13
159959,央企ETF银华,2026-03-13
159960,恒生中国企业ETF,2026-03-13
159961,深100ETF方正富邦,2026-03-13
159964,创业板ETF平安,2026-03-13
159965,央视50ETF国联,2026-03-13
159966,创业板价值ETF,2026-03-13
159967,创业板成长ETF,2026-03-13
159968,中证500ETF博时,2026-03-13
159969,深100ETF银华,2026-03-13
159970,深100ETF工银,2026-03-13
159971,创业板ETF富国,2026-03-13
159972,5年地债ETF,2026-03-13
159973,民企ETF弘毅远方,2026-03-13
159974,央企创新ETF富国,2026-03-13
159975,深100ETF招商,2026-03-13
159976,湾创ETF工银,2026-03-13
159977,创业板ETF天弘,2026-03-13
159980,有色ETF大成,2026-03-13
159981,能源化工ETF建信,2026-03-13
159982,中证500ETF鹏华,2026-03-13
159985,豆粕ETF,2026-03-13
159991,创业板大盘ETF招商,2026-03-13
159992,创新药ETF,2026-03-13
159993,证券ETF鹏华,2026-03-13
159994,通信ETF银华,2026-03-13
159995,芯片ETF,2026-03-13
159996,家电ETF,2026-03-13
159997,电子ETF,2026-03-13
159998,计算机ETF,2026-03-13
300001,特锐德,2026-03-13
300002,神州泰岳,2026-03-13
300003,乐普医疗,2026-03-13
300004,南风股份,2026-03-13
300005,探路者,2026-03-13
300006,莱美药业,2026-03-13
300007,汉威科技,2026-03-13
300008,天海防务,2026-03-13
300009,安科生物,2026-03-13
300010,豆神教育,2026-03-13
300011,鼎汉技术,2026-03-13
300012,华测检测,2026-03-13
300013,新宁物流,2026-03-13
300014,亿纬锂能,2026-03-13
300015,爱尔眼科,2026-03-13
300016,北陆药业,2026-03-13
300017,网宿科技,2026-03-13
300018,中元股份,2026-03-13
300019,硅宝科技,2026-03-13
300020,ST银江,2026-03-13
300021,大禹节水,2026-03-13
300022,吉峰科技,2026-03-13
300023,宝德退,2026-03-13
300024,机器人,2026-03-13
300025,华星创业,2026-03-13
300026,红日药业,2026-03-13
300027,华谊兄弟,2026-03-13
300028,金亚退,2026-03-13
300029,*ST天龙,2026-03-13
300030,阳普医疗,2026-03-13
300031,宝通科技,2026-03-13
300032,金龙机电,2026-03-13
300033,同花顺,2026-03-13
300034,钢研高纳,2026-03-13
300035,中科电气,2026-03-13
300036,超图软件,2026-03-13
300037,新宙邦,2026-03-13
300038,数知退,2026-03-13
300039,上海凯宝,2026-03-13
300040,九洲集团,2026-03-13
300041,回天新材,2026-03-13
300042,朗科科技,2026-03-13
300043,星辉娱乐,2026-03-13
300044,ST赛为,2026-03-13
300045,华力创通,2026-03-13
300046,台基股份,2026-03-13
300047,天源迪科,2026-03-13
300048,合康新能,2026-03-13
300049,福瑞医科,2026-03-13
300050,世纪鼎利,2026-03-13
300051,琏升科技,2026-03-13
300052,ST中青宝,2026-03-13
300053,航宇微,2026-03-13
300054,鼎龙股份,2026-03-13
300055,万邦达,2026-03-13
300056,中创环保,2026-03-13
300057,万顺新材,2026-03-13
300058,蓝色光标,2026-03-13
300059,东方财富,2026-03-13
300061,旗天科技,2026-03-13
300062,中能电气,2026-03-13
300063,天龙集团,2026-03-13
300064,金刚退,2026-03-13
300065,海兰信,2026-03-13
300066,三川智慧,2026-03-13
300067,安诺其,2026-03-13
300068,南都电源,2026-03-13
300069,金利华电,2026-03-13
300070,碧水源,2026-03-13
300071,福石控股,2026-03-13
300072,海新能科,2026-03-13
300073,当升科技,2026-03-13
300074,华平股份,2026-03-13
300075,数字政通,2026-03-13
300076,GQY视讯,2026-03-13
300077,国民技术,2026-03-13
300078,思创智联,2026-03-13
300079,数码视讯,2026-03-13
300080,易成新能,2026-03-13
300081,恒信东方,2026-03-13
300082,奥克股份,2026-03-13
300083,创世纪,2026-03-13
300084,海默科技,2026-03-13
300085,银之杰,2026-03-13
300086,康芝药业,2026-03-13
300087,荃银高科,2026-03-13
300088,长信科技,2026-03-13
300089,文化退,2026-03-13
300090,盛运退,2026-03-13
300091,*ST金灵,2026-03-13
300092,科新机电,2026-03-13
300093,*ST金刚,2026-03-13
300094,国联水产,2026-03-13
300095,华伍股份,2026-03-13
300096,ST易联众,2026-03-13
300097,ST智云,2026-03-13
300098,高新兴,2026-03-13
300099,尤洛卡,2026-03-13
300100,双林股份,2026-03-13
300101,振芯科技,2026-03-13
300102,乾照光电,2026-03-13
300103,达刚控股,2026-03-13
300104,乐视退,2026-03-13
300105,龙源技术,2026-03-13
300106,西部牧业,2026-03-13
300107,建新股份,2026-03-13
300108,*ST吉药,2026-03-13
300109,新开源,2026-03-13
300110,华仁药业,2026-03-13
300111,向日葵,2026-03-13
300112,万讯自控,2026-03-13
300113,顺网科技,2026-03-13
300115,长盈精密,2026-03-13
300116,*ST保力,2026-03-13
300117,*ST嘉寓,2026-03-13
300118,东方日升,2026-03-13
300119,瑞普生物,2026-03-13
300120,经纬辉开,2026-03-13
300121,阳谷华泰,2026-03-13
300122,智飞生物,2026-03-13
300123,亚光科技,2026-03-13
300124,汇川技术,2026-03-13
300125,*ST聆达,2026-03-13
300126,锐奇股份,2026-03-13
300127,银河磁体,2026-03-13
300128,锦富技术,2026-03-13
300129,泰胜风能,2026-03-13
300130,新国都,2026-03-13
300131,英唐智控,2026-03-13
300132,青松股份,2026-03-13
300133,华策影视,2026-03-13
300134,大富科技,2026-03-13
300135,宝利国际,2026-03-13
300136,信维通信,2026-03-13
300137,先河环保,2026-03-13
300138,晨光生物,2026-03-13
300139,晓程科技,2026-03-13
300140,节能环境,2026-03-13
300141,和顺电气,2026-03-13
300142,沃森生物,2026-03-13
300143,盈康生命,2026-03-13
300144,宋城演艺,2026-03-13
300145,南方泵业,2026-03-13
300146,汤臣倍健,2026-03-13
300147,ST香雪,2026-03-13
300148,天舟文化,2026-03-13
300149,睿智医药,2026-03-13
300150,世纪瑞尔,2026-03-13
300151,昌红科技,2026-03-13
300152,ST新动力,2026-03-13
300153,科泰电源,2026-03-13
300154,瑞凌股份,2026-03-13
300155,安居宝,2026-03-13
300156,神雾退,2026-03-13
300157,新锦动力,2026-03-13
300158,振东制药,2026-03-13
300159,*ST新研,2026-03-13
300160,秀强股份,2026-03-13
300161,华中数控,2026-03-13
300162,雷曼光电,2026-03-13
300163,先锋新材,2026-03-13
300164,通源石油,2026-03-13
300165,ST天瑞,2026-03-13
300166,东方国信,2026-03-13
300167,ST迪威迅,2026-03-13
300168,万达信息,2026-03-13
300169,天晟新材,2026-03-13
300170,汉得信息,2026-03-13
300171,东富龙,2026-03-13
300172,中电环保,2026-03-13
300173,ST福能,2026-03-13
300174,元力股份,2026-03-13
300175,ST朗源,2026-03-13
300176,鸿特科技,2026-03-13
300177,中海达,2026-03-13
300178,腾邦退,2026-03-13
300179,四方达,2026-03-13
300180,华峰超纤,2026-03-13
300181,佐力药业,2026-03-13
300182,捷成股份,2026-03-13
300183,东软载波,2026-03-13
300184,力源信息,2026-03-13
300185,通裕重工,2026-03-13
300186,大华农,2026-03-13
300187,永清环保,2026-03-13
300188,国投智能,2026-03-13
300189,神农种业,2026-03-13
300190,维尔利,2026-03-13
300191,潜能恒信,2026-03-13
300192,科德教育,2026-03-13
300193,佳士科技,2026-03-13
300194,福安药业,2026-03-13
300195,长荣股份,2026-03-13
300196,长海股份,2026-03-13
300197,节能铁汉,2026-03-13
300198,ST纳川,2026-03-13
300199,翰宇药业,2026-03-13
300200,高盟新材,2026-03-13
300201,海伦哲,2026-03-13
300202,聚龙退,2026-03-13
300203,聚光科技,2026-03-13
300204,舒泰神,2026-03-13
300205,*ST天喻,2026-03-13
300206,理邦仪器,2026-03-13
300207,欣旺达,2026-03-13
300208,中程退,2026-03-13
300209,行云科技,2026-03-13
300210,森远股份,2026-03-13
300211,*ST亿通,2026-03-13
300212,易华录,2026-03-13
300213,佳讯飞鸿,2026-03-13
300214,日科化学,2026-03-13
300215,电科院,2026-03-13
300216,千山退,2026-03-13
300217,东方电热,2026-03-13
300218,安利股份,2026-03-13
300219,鸿利智汇,2026-03-13
300220,金运激光,2026-03-13
300221,银禧科技,2026-03-13
300222,科大智能,2026-03-13
300223,北京君正,2026-03-13
300224,正海磁材,2026-03-13
300225,*ST金泰,2026-03-13
300226,上海钢联,2026-03-13
300227,光韵达,2026-03-13
300228,富瑞特装,2026-03-13
300229,拓尔思,2026-03-13
300230,永利股份,2026-03-13
300231,银信科技,2026-03-13
300232,洲明科技,2026-03-13
300233,金城医药,2026-03-13
300234,开尔新材,2026-03-13
300235,方直科技,2026-03-13
300236,上海新阳,2026-03-13
300237,ST美晨,2026-03-13
300238,冠昊生物,2026-03-13
300239,东宝生物,2026-03-13
300240,飞力达,2026-03-13
300241,瑞丰光电,2026-03-13
300242,佳云科技,2026-03-13
300243,瑞丰高材,2026-03-13
300244,迪安诊断,2026-03-13
300245,天玑科技,2026-03-13
300246,宝莱特,2026-03-13
300247,融捷健康,2026-03-13
300248,新开普,2026-03-13
300249,依米康,2026-03-13
300250,初灵信息,2026-03-13
300251,光线传媒,2026-03-13
300252,金信诺,2026-03-13
300253,卫宁健康,2026-03-13
300254,仟源医药,2026-03-13
300255,常山药业,2026-03-13
300256,星星科技,2026-03-13
300257,开山股份,2026-03-13
300258,精锻科技,2026-03-13
300259,新天科技,2026-03-13
300260,新莱应材,2026-03-13
300261,雅本化学,2026-03-13
300262,*ST巴安,2026-03-13
300263,隆华科技,2026-03-13
300264,佳创视讯,2026-03-13
300265,通光线缆,2026-03-13
300266,兴源环境,2026-03-13
300267,尔康制药,2026-03-13
300268,*ST佳沃,2026-03-13
300269,联建光电,2026-03-13
300270,中威电子,2026-03-13
300271,华宇软件,2026-03-13
300272,开能健康,2026-03-13
300273,和佳退,2026-03-13
300274,阳光电源,2026-03-13
300275,梅安森,2026-03-13
300276,三丰智能,2026-03-13
300277,海联讯,2026-03-13
300278,华昌达,2026-03-13
300279,和晶科技,2026-03-13
300280,紫天退,2026-03-13
300281,金明精机,2026-03-13
300282,三盛退,2026-03-13
300283,温州宏丰,2026-03-13
300284,苏交科,2026-03-13
300285,国瓷材料,2026-03-13
300286,安科瑞,2026-03-13
300287,飞利信,2026-03-13
300288,朗玛信息,2026-03-13
300289,利德曼,2026-03-13
300290,荣科科技,2026-03-13
300291,百纳千成,2026-03-13
300292,吴通控股,2026-03-13
300293,蓝英装备,2026-03-13
300294,博雅生物,2026-03-13
300295,三六五网,2026-03-13
300296,利亚德,2026-03-13
300297,蓝盾退,2026-03-13
300298,三诺生物,2026-03-13
300299,富春股份,2026-03-13
300300,海峡创新,2026-03-13
300301,ST长方,2026-03-13
300302,同有科技,2026-03-13
300303,聚飞光电,2026-03-13
300304,云意电气,2026-03-13
300305,裕兴股份,2026-03-13
300306,远方信息,2026-03-13
300307,慈星股份,2026-03-13
300308,中际旭创,2026-03-13
300309,吉艾退,2026-03-13
300310,宜通世纪,2026-03-13
300311,ST任子行,2026-03-13
300312,邦讯退,2026-03-13
300313,*ST天山,2026-03-13
300314,戴维医疗,2026-03-13
300315,掌趣科技,2026-03-13
300316,晶盛机电,2026-03-13
300317,珈伟新能,2026-03-13
300318,博晖创新,2026-03-13
300319,麦捷科技,2026-03-13
300320,海达股份,2026-03-13
300321,同大股份,2026-03-13
300322,硕贝德,2026-03-13
300323,华灿光电,2026-03-13
300324,旋极信息,2026-03-13
300325,德威退,2026-03-13
300326,ST凯利,2026-03-13
300327,中颖电子,2026-03-13
300328,宜安科技,2026-03-13
300329,海伦钢琴,2026-03-13
300330,计通退,2026-03-13
300331,苏大维格,2026-03-13
300332,天壕能源,2026-03-13
300333,兆日科技,2026-03-13
300334,津膜科技,2026-03-13
300335,迪森股份,2026-03-13
300336,新文退,2026-03-13
300337,银邦股份,2026-03-13
300338,ST开元,2026-03-13
300339,润和软件,2026-03-13
300340,科恒股份,2026-03-13
300341,麦克奥迪,2026-03-13
300342,天银机电,2026-03-13
300343,ST联创,2026-03-13
300344,*ST立方,2026-03-13
300345,华民股份,2026-03-13
300346,南大光电,2026-03-13
300347,泰格医药,2026-03-13
300348,长亮科技,2026-03-13
300349,金卡智能,2026-03-13
300350,华鹏飞,2026-03-13
300351,永贵电器,2026-03-13
300352,北信源,2026-03-13
300353,东土科技,2026-03-13
300354,东华测试,2026-03-13
300355,蒙草生态,2026-03-13
300356,光一退,2026-03-13
300357,我武生物,2026-03-13
300358,楚天科技,2026-03-13
300359,全通教育,2026-03-13
300360,炬华科技,2026-03-13
300362,天翔退,2026-03-13
300363,博腾股份,2026-03-13
300364,中文在线,2026-03-13
300365,恒华科技,2026-03-13
300366,ST创意,2026-03-13
300367,网力退,2026-03-13
300368,汇金股份,2026-03-13
300369,绿盟科技,2026-03-13
300370,安控科技,2026-03-13
300371,汇中股份,2026-03-13
300372,欣泰退,2026-03-13
300373,扬杰科技,2026-03-13
300374,中铁装配,2026-03-13
300375,鹏翎股份,2026-03-13
300376,易事特,2026-03-13
300377,赢时胜,2026-03-13
300378,鼎捷数智,2026-03-13
300379,东通退,2026-03-13
300380,安硕信息,2026-03-13
300381,溢多利,2026-03-13
300382,斯莱克,2026-03-13
300383,光环新网,2026-03-13
300384,三联虹普,2026-03-13
300385,雪浪环境,2026-03-13
300386,飞天诚信,2026-03-13
300387,富邦科技,2026-03-13
300388,节能国祯,2026-03-13
300389,艾比森,2026-03-13
300390,天华新能,2026-03-13
300391,*ST长药,2026-03-13
300392,腾信退,2026-03-13
300393,中来股份,2026-03-13
300394,天孚通信,2026-03-13
300395,菲利华,2026-03-13
300396,迪瑞医疗,2026-03-13
300397,天和防务,2026-03-13
300398,飞凯材料,2026-03-13
300399,天利科技,2026-03-13
300400,劲拓股份,2026-03-13
300401,花园生物,2026-03-13
300402,宝色股份,2026-03-13
300403,汉宇集团,2026-03-13
300404,博济医药,2026-03-13
300405,科隆股份,2026-03-13
300406,九强生物,2026-03-13
300407,凯发电气,2026-03-13
300408,三环集团,2026-03-13
300409,道氏技术,2026-03-13
300410,正业科技,2026-03-13
300411,金盾股份,2026-03-13
300412,迦南科技,2026-03-13
300413,芒果超媒,2026-03-13
300414,中光防雷,2026-03-13
300415,伊之密,2026-03-13
300416,苏试试验,2026-03-13
300417,南华仪器,2026-03-13
300418,昆仑万维,2026-03-13
300419,ST浩丰,2026-03-13
300420,五洋自控,2026-03-13
300421,力星股份,2026-03-13
300422,博世科,2026-03-13
300423,昇辉科技,2026-03-13
300424,航新科技,2026-03-13
300425,中建环能,2026-03-13
300426,华智数媒,2026-03-13
300427,红相股份,2026-03-13
300428,立中集团,2026-03-13
300429,强力新材,2026-03-13
300430,诚益通,2026-03-13
300431,暴风退,2026-03-13
300432,富临精工,2026-03-13
300433,蓝思科技,2026-03-13
300434,金石亚药,2026-03-13
300435,中泰股份,2026-03-13
300436,广生堂,2026-03-13
300437,清水源,2026-03-13
300438,鹏辉能源,2026-03-13
300439,美康生物,2026-03-13
300440,运达科技,2026-03-13
300441,鲍斯股份,2026-03-13
300442,润泽科技,2026-03-13
300443,金雷股份,2026-03-13
300444,双杰电气,2026-03-13
300445,康斯特,2026-03-13
300446,航天智造,2026-03-13
300447,全信股份,2026-03-13
300448,浩云科技,2026-03-13
300449,汉邦高科,2026-03-13
300450,先导智能,2026-03-13
300451,创业慧康,2026-03-13
300452,山河药辅,2026-03-13
300453,三鑫医疗,2026-03-13
300454,深信服,2026-03-13
300455,航天智装,2026-03-13
300456,赛微电子,2026-03-13
300457,赢合科技,2026-03-13
300458,全志科技,2026-03-13
300459,汤姆猫,2026-03-13
300460,ST惠伦,2026-03-13
300461,田中精机,2026-03-13
300462,ST华铭,2026-03-13
300463,迈克生物,2026-03-13
300464,星徽股份,2026-03-13
300465,高伟达,2026-03-13
300466,赛摩智能,2026-03-13
300467,迅游科技,2026-03-13
300468,四方精创,2026-03-13
300469,信息发展,2026-03-13
300470,中密控股,2026-03-13
300471,厚普股份,2026-03-13
300472,*ST新元,2026-03-13
300473,德尔股份,2026-03-13
300474,景嘉微,2026-03-13
300475,香农芯创,2026-03-13
300476,胜宏科技,2026-03-13
300477,ST合纵,2026-03-13
300478,杭州高新,2026-03-13
300479,神思电子,2026-03-13
300480,光力科技,2026-03-13
300481,濮阳惠成,2026-03-13
300482,万孚生物,2026-03-13
300483,首华燃气,2026-03-13
300484,蓝海华腾,2026-03-13
300485,赛升药业,2026-03-13
300486,东杰智能,2026-03-13
300487,蓝晓科技,2026-03-13
300488,恒锋工具,2026-03-13
300489,光智科技,2026-03-13
300490,华自科技,2026-03-13
300491,通合科技,2026-03-13
300492,华图山鼎,2026-03-13
300493,润欣科技,2026-03-13
300494,盛天网络,2026-03-13
300495,*ST美尚,2026-03-13
300496,中科创达,2026-03-13
300497,富祥药业,2026-03-13
300498,温氏股份,2026-03-13
300499,高澜股份,2026-03-13
300500,启迪设计,2026-03-13
300501,海顺新材,2026-03-13
300502,新易盛,2026-03-13
300503,昊志机电,2026-03-13
300504,天邑股份,2026-03-13
300505,川金诺,2026-03-13
300506,ST名家汇,2026-03-13
300507,苏奥传感,2026-03-13
300508,维宏股份,2026-03-13
300509,新美星,2026-03-13
300510,金冠股份,2026-03-13
300511,雪榕生物,2026-03-13
300512,中亚股份,2026-03-13
300513,恒实科技,2026-03-13
300514,友讯达,2026-03-13
300515,三德科技,2026-03-13
300516,久之洋,2026-03-13
300517,海波重科,2026-03-13
300518,新迅达,2026-03-13
300519,新光药业,2026-03-13
300520,科大国创,2026-03-13
300521,爱司凯,2026-03-13
300522,世名科技,2026-03-13
300523,辰安科技,2026-03-13
300525,博思软件,2026-03-13
300526,中潜退,2026-03-13
300527,ST应急,2026-03-13
300528,幸福蓝海,2026-03-13
300529,健帆生物,2026-03-13
300530,领湃科技,2026-03-13
300531,优博讯,2026-03-13
300532,今天国际,2026-03-13
300533,冰川网络,2026-03-13
300534,陇神戎发,2026-03-13
300535,达威股份,2026-03-13
300536,农尚环境,2026-03-13
300537,广信材料,2026-03-13
300538,同益股份,2026-03-13
300539,横河精密,2026-03-13
300540,蜀道装备,2026-03-13
300541,先进数通,2026-03-13
300542,新晨科技,2026-03-13
300543,朗科智能,2026-03-13
300545,联得装备,2026-03-13
300546,雄帝科技,2026-03-13
300547,川环科技,2026-03-13
300548,长芯博创,2026-03-13
300549,优德精密,2026-03-13
300550,和仁科技,2026-03-13
300551,古鳌科技,2026-03-13
300552,万集科技,2026-03-13
300553,集智股份,2026-03-13
300554,三超新材,2026-03-13
300555,ST路通,2026-03-13
300556,丝路视觉,2026-03-13
300557,理工光科,2026-03-13
300558,贝达药业,2026-03-13
300559,佳发教育,2026-03-13
300560,中富通,2026-03-13
300561,*ST汇科,2026-03-13
300562,乐心医疗,2026-03-13
300563,神宇股份,2026-03-13
300564,筑博设计,2026-03-13
300565,科信技术,2026-03-13
300566,激智科技,2026-03-13
300567,精测电子,2026-03-13
300568,星源材质,2026-03-13
300569,天能重工,2026-03-13
300570,太辰光,2026-03-13
300571,平治信息,2026-03-13
300572,安车检测,2026-03-13
300573,兴齐眼药,2026-03-13
300575,中旗股份,2026-03-13
300576,容大感光,2026-03-13
300577,开润股份,2026-03-13
300578,会畅科技,2026-03-13
300579,数字认证,2026-03-13
300580,贝斯特,2026-03-13
300581,晨曦航空,2026-03-13
300582,英飞特,2026-03-13
300583,赛托生物,2026-03-13
300584,海辰药业,2026-03-13
300585,奥联电子,2026-03-13
300586,美联新材,2026-03-13
300587,天铁科技,2026-03-13
300588,熙菱信息,2026-03-13
300589,江龙船艇,2026-03-13
300590,移为通信,2026-03-13
300591,万里马,2026-03-13
300592,华凯易佰,2026-03-13
300593,新雷能,2026-03-13
300594,朗进科技,2026-03-13
300595,欧普康视,2026-03-13
300596,利安隆,2026-03-13
300597,吉大通信,2026-03-13
300598,诚迈科技,2026-03-13
300599,雄塑科技,2026-03-13
300600,国瑞科技,2026-03-13
300601,康泰生物,2026-03-13
300602,飞荣达,2026-03-13
300603,立昂技术,2026-03-13
300604,长川科技,2026-03-13
300605,恒锋信息,2026-03-13
300606,金太阳,2026-03-13
300607,拓斯达,2026-03-13
300608,思特奇,2026-03-13
300609,汇纳科技,2026-03-13
300610,晨化股份,2026-03-13
300611,美力科技,2026-03-13
300612,宣亚国际,2026-03-13
300613,富瀚微,2026-03-13
300614,百川畅银,2026-03-13
300615,欣天科技,2026-03-13
300616,尚品宅配,2026-03-13
300617,安靠智电,2026-03-13
300618,寒锐钴业,2026-03-13
300619,金银河,2026-03-13
300620,光库科技,2026-03-13
300621,维业股份,2026-03-13
300622,博士眼镜,2026-03-13
300623,捷捷微电,2026-03-13
300624,万兴科技,2026-03-13
300625,三雄极光,2026-03-13
300626,华瑞股份,2026-03-13
300627,华测导航,2026-03-13
300628,亿联网络,2026-03-13
300629,新劲刚,2026-03-13
300630,普利退,2026-03-13
300631,久吾高科,2026-03-13
300632,光莆股份,2026-03-13
300633,开立医疗,2026-03-13
300634,彩讯股份,2026-03-13
300635,中达安,2026-03-13
300636,同和药业,2026-03-13
300637,扬帆新材,2026-03-13
300638,广和通,2026-03-13
300639,凯普生物,2026-03-13
300640,德艺文创,2026-03-13
300641,正丹股份,2026-03-13
300642,透景生命,2026-03-13
300643,万通智控,2026-03-13
300644,南京聚隆,2026-03-13
300645,正元智慧,2026-03-13
300647,超频三,2026-03-13
300648,星云股份,2026-03-13
300649,杭州园林,2026-03-13
300650,太龙股份,2026-03-13
300651,金陵体育,2026-03-13
300652,雷迪克,2026-03-13
300653,正海生物,2026-03-13
300654,世纪天鸿,2026-03-13
300655,晶瑞电材,2026-03-13
300656,民德电子,2026-03-13
300657,弘信电子,2026-03-13
300658,延江股份,2026-03-13
300659,中孚信息,2026-03-13
300660,江苏雷利,2026-03-13
300661,圣邦股份,2026-03-13
300662,科锐国际,2026-03-13
300663,科蓝软件,2026-03-13
300664,鹏鹞环保,2026-03-13
300665,飞鹿股份,2026-03-13
300666,江丰电子,2026-03-13
300667,必创科技,2026-03-13
300668,杰恩设计,2026-03-13
300669,沪宁股份,2026-03-13
300670,大烨智能,2026-03-13
300671,富满微,2026-03-13
300672,国科微,2026-03-13
300673,佩蒂股份,2026-03-13
300674,宇信科技,2026-03-13
300675,建科院,2026-03-13
300676,华大基因,2026-03-13
300677,英科医疗,2026-03-13
300678,中科信息,2026-03-13
300679,电连技术,2026-03-13
300680,隆盛科技,2026-03-13
300681,英搏尔,2026-03-13
300682,朗新科技,2026-03-13
300683,海特生物,2026-03-13
300684,中石科技,2026-03-13
300685,艾德生物,2026-03-13
300686,智动力,2026-03-13
300687,赛意信息,2026-03-13
300688,创业黑马,2026-03-13
300689,澄天伟业,2026-03-13
300690,双一科技,2026-03-13
300691,联合光电,2026-03-13
300692,中赋科技,2026-03-13
300693,盛弘股份,2026-03-13
300694,蠡湖股份,2026-03-13
300695,兆丰股份,2026-03-13
300696,爱乐达,2026-03-13
300697,电工合金,2026-03-13
300698,万马科技,2026-03-13
300699,光威复材,2026-03-13
300700,岱勒新材,2026-03-13
300701,森霸传感,2026-03-13
300702,天宇股份,2026-03-13
300703,创源股份,2026-03-13
300705,九典制药,2026-03-13
300706,阿石创,2026-03-13
300707,威唐工业,2026-03-13
300708,聚灿光电,2026-03-13
300709,精研科技,2026-03-13
300710,万隆光电,2026-03-13
300711,广哈通信,2026-03-13
300712,永福股份,2026-03-13
300713,英可瑞,2026-03-13
300715,凯伦股份,2026-03-13
300716,ST泉为,2026-03-13
300717,华信新材,2026-03-13
300718,长盛轴承,2026-03-13
300719,安达维尔,2026-03-13
300720,海川智能,2026-03-13
300721,怡达股份,2026-03-13
300722,新余国科,2026-03-13
300723,一品红,2026-03-13
300724,捷佳伟创,2026-03-13
300725,药石科技,2026-03-13
300726,宏达电子,2026-03-13
300727,润禾材料,2026-03-13
300729,乐歌股份,2026-03-13
300730,科创信息,2026-03-13
300731,科创新源,2026-03-13
300732,设研院,2026-03-13
300733,西菱动力,2026-03-13
300735,光弘科技,2026-03-13
300736,百邦科技,2026-03-13
300737,科顺股份,2026-03-13
300738,奥飞数据,2026-03-13
300739,明阳电路,2026-03-13
300740,水羊股份,2026-03-13
300741,华宝股份,2026-03-13
300742,越博退,2026-03-13
300743,天地数码,2026-03-13
300745,欣锐科技,2026-03-13
300746,汉嘉数智,2026-03-13
300747,锐科激光,2026-03-13
300748,金力永磁,2026-03-13
300749,顶固集创,2026-03-13
300750,宁德时代,2026-03-13
300751,迈为股份,2026-03-13
300752,隆利科技,2026-03-13
300753,爱朋医疗,2026-03-13
300755,华致酒行,2026-03-13
300756,金马游乐,2026-03-13
300757,罗博特科,2026-03-13
300758,七彩化学,2026-03-13
300759,康龙化成,2026-03-13
300760,迈瑞医疗,2026-03-13
300761,立华股份,2026-03-13
300762,上海瀚讯,2026-03-13
300763,锦浪科技,2026-03-13
300765,新诺威,2026-03-13
300766,每日互动,2026-03-13
300767,震安科技,2026-03-13
300768,迪普科技,2026-03-13
300769,德方纳米,2026-03-13
300770,新媒股份,2026-03-13
300771,智莱科技,2026-03-13
300772,运达股份,2026-03-13
300773,拉卡拉,2026-03-13
300774,倍杰特,2026-03-13
300775,三角防务,2026-03-13
300776,帝尔激光,2026-03-13
300777,中简科技,2026-03-13
300778,新城市,2026-03-13
300779,惠城环保,2026-03-13
300780,德恩精工,2026-03-13
300781,因赛集团,2026-03-13
300782,卓胜微,2026-03-13
300783,三只松鼠,2026-03-13
300784,利安科技,2026-03-13
300785,值得买,2026-03-13
300786,国林科技,2026-03-13
300787,海能实业,2026-03-13
300788,中信出版,2026-03-13
300789,唐源电气,2026-03-13
300790,宇瞳光学,2026-03-13
300791,仙乐健康,2026-03-13
300792,壹网壹创,2026-03-13
300793,佳禾智能,2026-03-13
300795,米奥会展,2026-03-13
300796,贝斯美,2026-03-13
300797,钢研纳克,2026-03-13
300798,锦鸡股份,2026-03-13
300799,左江退,2026-03-13
300800,力合科技,2026-03-13
300801,泰和科技,2026-03-13
300802,矩子科技,2026-03-13
300803,指南针,2026-03-13
300804,广康生化,2026-03-13
300805,电声股份,2026-03-13
300806,斯迪克,2026-03-13
300807,天迈科技,2026-03-13
300808,久量股份,2026-03-13
300809,华辰装备,2026-03-13
300810,中科海讯,2026-03-13
300811,铂科新材,2026-03-13
300812,易天股份,2026-03-13
300813,泰林生物,2026-03-13
300814,中富电路,2026-03-13
300815,玉禾田,2026-03-13
300816,艾可蓝,2026-03-13
300817,双飞集团,2026-03-13
300818,耐普矿机,2026-03-13
300819,聚杰微纤,2026-03-13
300820,英杰电气,2026-03-13
300821,东岳硅材,2026-03-13
300822,贝仕达克,2026-03-13
300823,建科智能,2026-03-13
300824,北鼎股份,2026-03-13
300825,阿尔特,2026-03-13
300826,测绘股份,2026-03-13
300827,上能电气,2026-03-13
300828,锐新科技,2026-03-13
300829,金丹科技,2026-03-13
300830,金现代,2026-03-13
300831,派瑞股份,2026-03-13
300832,新产业,2026-03-13
300833,浩洋股份,2026-03-13
300834,星辉环材,2026-03-13
300835,龙磁科技,2026-03-13
300836,佰奥智能,2026-03-13
300837,浙矿股份,2026-03-13
300838,浙江力诺,2026-03-13
300839,博汇股份,2026-03-13
300840,酷特智能,2026-03-13
300841,康华生物,2026-03-13
300842,帝科股份,2026-03-13
300843,胜蓝股份,2026-03-13
300844,山水比德,2026-03-13
300845,捷安高科,2026-03-13
300846,首都在线,2026-03-13
300847,中船汉光,2026-03-13
300848,美瑞新材,2026-03-13
300849,锦盛新材,2026-03-13
300850,新强联,2026-03-13
300851,交大思诺,2026-03-13
300852,四会富仕,2026-03-13
300853,申昊科技,2026-03-13
300854,中兰环保,2026-03-13
300855,图南股份,2026-03-13
300856,科思股份,2026-03-13
300857,协创数据,2026-03-13
300858,科拓生物,2026-03-13
300859,西域旅游,2026-03-13
300860,锋尚文化,2026-03-13
300861,美畅股份,2026-03-13
300862,蓝盾光电,2026-03-13
300863,卡倍亿,2026-03-13
300864,南大环境,2026-03-13
300865,大宏立,2026-03-13
300866,安克创新,2026-03-13
300867,圣元环保,2026-03-13
300868,杰美特,2026-03-13
300869,康泰医学,2026-03-13
300870,欧陆通,2026-03-13
300871,回盛生物,2026-03-13
300872,天阳科技,2026-03-13
300873,海晨股份,2026-03-13
300875,捷强装备,2026-03-13
300876,蒙泰高新,2026-03-13
300877,金春股份,2026-03-13
300878,维康药业,2026-03-13
300879,大叶股份,2026-03-13
300880,迦南智能,2026-03-13
300881,盛德鑫泰,2026-03-13
300882,万胜智能,2026-03-13
300883,龙利得,2026-03-13
300884,狄耐克,2026-03-13
300885,海昌新材,2026-03-13
300886,华业香料,2026-03-13
300887,谱尼测试,2026-03-13
300888,稳健医疗,2026-03-13
300889,爱克股份,2026-03-13
300890,翔丰华,2026-03-13
300891,惠云钛业,2026-03-13
300892,品渥食品,2026-03-13
300893,松原安全,2026-03-13
300894,火星人,2026-03-13
300895,铜牛信息,2026-03-13
300896,爱美客,2026-03-13
300897,山科智能,2026-03-13
300898,熊猫乳品,2026-03-13
300899,*ST凯鑫,2026-03-13
300900,广联航空,2026-03-13
300901,中胤时尚,2026-03-13
300902,国安达,2026-03-13
300903,科翔股份,2026-03-13
300904,威力传动,2026-03-13
300905,宝丽迪,2026-03-13
300906,日月明,2026-03-13
300907,康平科技,2026-03-13
300908,仲景食品,2026-03-13
300909,汇创达,2026-03-13
300910,瑞丰新材,2026-03-13
300911,亿田智能,2026-03-13
300912,凯龙高科,2026-03-13
300913,兆龙互连,2026-03-13
300915,海融科技,2026-03-13
300916,朗特智能,2026-03-13
300917,特发服务,2026-03-13
300918,南山智尚,2026-03-13
300919,中伟新材,2026-03-13
300920,润阳科技,2026-03-13
300921,南凌科技,2026-03-13
300922,天秦装备,2026-03-13
300923,研奥股份,2026-03-13
300925,法本信息,2026-03-13
300926,博俊科技,2026-03-13
300927,江天化学,2026-03-13
300928,华安鑫创,2026-03-13
300929,华骐环保,2026-03-13
300930,屹通新材,2026-03-13
300931,通用电梯,2026-03-13
300932,三友联众,2026-03-13
300933,中辰股份,2026-03-13
300935,盈建科,2026-03-13
300936,中英科技,2026-03-13
300937,药易购,2026-03-13
300938,信测标准,2026-03-13
300939,秋田微,2026-03-13
300940,南极光,2026-03-13
300941,创识科技,2026-03-13
300942,易瑞生物,2026-03-13
300943,春晖智控,2026-03-13
300945,曼卡龙,2026-03-13
300946,恒而达,2026-03-13
300947,德必集团,2026-03-13
300948,冠中生态,2026-03-13
300949,奥雅股份,2026-03-13
300950,德固特,2026-03-13
300951,博硕科技,2026-03-13
300952,恒辉安防,2026-03-13
300953,震裕科技,2026-03-13
300955,嘉亨家化,2026-03-13
300956,英力股份,2026-03-13
300957,贝泰妮,2026-03-13
300958,建工修复,2026-03-13
300959,线上线下,2026-03-13
300960,通业科技,2026-03-13
300961,深水海纳,2026-03-13
300962,中金辐照,2026-03-13
300963,中洲特材,2026-03-13
300964,本川智能,2026-03-13
300965,恒宇信通,2026-03-13
300966,共同药业,2026-03-13
300967,晓鸣股份,2026-03-13
300968,格林精密,2026-03-13
300969,恒帅股份,2026-03-13
300970,华绿生物,2026-03-13
300971,博亚精工,2026-03-13
300972,万辰集团,2026-03-13
300973,立高食品,2026-03-13
300975,商络电子,2026-03-13
300976,达瑞电子,2026-03-13
300977,深圳瑞捷,2026-03-13
300978,东箭科技,2026-03-13
300979,华利集团,2026-03-13
300980,祥源新材,2026-03-13
300981,中红医疗,2026-03-13
300982,苏文电能,2026-03-13
300983,尤安设计,2026-03-13
300984,金沃股份,2026-03-13
300985,致远新能,2026-03-13
300986,志特新材,2026-03-13
300987,川网传媒,2026-03-13
300988,津荣天宇,2026-03-13
300989,蕾奥规划,2026-03-13
300990,同飞股份,2026-03-13
300991,创益通,2026-03-13
300992,泰福泵业,2026-03-13
300993,玉马科技,2026-03-13
300994,久祺股份,2026-03-13
300995,奇德新材,2026-03-13
300996,普联软件,2026-03-13
300997,欢乐家,2026-03-13
300998,宁波方正,2026-03-13
300999,金龙鱼,2026-03-13
301000,肇民科技,2026-03-13
301001,凯淳股份,2026-03-13
301002,崧盛股份,2026-03-13
301003,江苏博云,2026-03-13
301004,嘉益股份,2026-03-13
301005,超捷股份,2026-03-13
301006,迈拓股份,2026-03-13
301007,德迈仕,2026-03-13
301008,宏昌科技,2026-03-13
301009,可靠股份,2026-03-13
301010,晶雪节能,2026-03-13
301011,华立科技,2026-03-13
301012,扬电科技,2026-03-13
301013,利和兴,2026-03-13
301015,百洋医药,2026-03-13
301016,雷尔伟,2026-03-13
301017,漱玉平民,2026-03-13
301018,申菱环境,2026-03-13
301019,宁波色母,2026-03-13
301020,密封科技,2026-03-13
301021,英诺激光,2026-03-13
301022,海泰科,2026-03-13
301023,奕帆传动,2026-03-13
301024,霍普股份,2026-03-13
301025,读客文化,2026-03-13
301026,浩通科技,2026-03-13
301027,华蓝集团,2026-03-13
301028,鼎熔岩,2026-03-13
301029,怡合达,2026-03-13
301030,仕净科技,2026-03-13
301031,中熔电气,2026-03-13
301032,新柴股份,2026-03-13
301033,迈普医学,2026-03-13
301035,润丰股份,2026-03-13
301036,双乐股份,2026-03-13
301037,保立佳,2026-03-13
301038,深水规院,2026-03-13
301039,中集车辆,2026-03-13
301040,中环海陆,2026-03-13
301041,金百泽,2026-03-13
301042,安联锐视,2026-03-13
301043,绿岛风,2026-03-13
301045,天禄科技,2026-03-13
301046,能辉科技,2026-03-13
301047,义翘神州,2026-03-13
301048,金鹰重工,2026-03-13
301049,超越科技,2026-03-13
301050,雷电微力,2026-03-13
301051,信濠光电,2026-03-13
301052,果麦文化,2026-03-13
301053,远信工业,2026-03-13
301055,张小泉,2026-03-13
301056,森赫股份,2026-03-13
301057,汇隆新材,2026-03-13
301058,中粮科工,2026-03-13
301059,金三江,2026-03-13
301060,兰卫医学,2026-03-13
301061,匠心家居,2026-03-13
301062,上海艾录,2026-03-13
301063,海锅股份,2026-03-13
301065,本立科技,2026-03-13
301066,万事利,2026-03-13
301067,显盈科技,2026-03-13
301068,大地海洋,2026-03-13
301069,凯盛新材,2026-03-13
301070,开勒股份,2026-03-13
301071,力量钻石,2026-03-13
301072,中捷精工,2026-03-13
301073,君亭酒店,2026-03-13
301075,多瑞医药,2026-03-13
301076,新瀚新材,2026-03-13
301077,星华新材,2026-03-13
301078,孩子王,2026-03-13
301079,邵阳液压,2026-03-13
301080,百普赛斯,2026-03-13
301081,严牌股份,2026-03-13
301082,久盛电气,2026-03-13
301083,百胜智能,2026-03-13
301085,亚康股份,2026-03-13
301086,鸿富瀚,2026-03-13
301087,可孚医疗,2026-03-13
301088,戎美股份,2026-03-13
301089,拓新药业,2026-03-13
301090,华润材料,2026-03-13
301091,深城交,2026-03-13
301092,争光股份,2026-03-13
301093,华兰股份,2026-03-13
301095,广立微,2026-03-13
301096,百诚医药,2026-03-13
301097,天益医疗,2026-03-13
301098,金埔园林,2026-03-13
301099,雅创电子,2026-03-13
301100,风光股份,2026-03-13
301101,明月镜片,2026-03-13
301102,兆讯传媒,2026-03-13
301103,何氏眼科,2026-03-13
301105,鸿铭股份,2026-03-13
301106,骏成科技,2026-03-13
301107,瑜欣电子,2026-03-13
301108,洁雅股份,2026-03-13
301109,军信股份,2026-03-13
301110,青木科技,2026-03-13
301111,粤万年青,2026-03-13
301112,信邦智能,2026-03-13
301113,雅艺科技,2026-03-13
301115,联检科技,2026-03-13
301116,益客食品,2026-03-13
301117,佳缘科技,2026-03-13
301118,恒光股份,2026-03-13
301119,正强股份,2026-03-13
301120,新特电气,2026-03-13
301121,紫建电子,2026-03-13
301122,采纳股份,2026-03-13
301123,奕东电子,2026-03-13
301125,腾亚精工,2026-03-13
301126,达嘉维康,2026-03-13
301127,武汉天源,2026-03-13
301128,强瑞技术,2026-03-13
301129,瑞纳智能,2026-03-13
301130,西点药业,2026-03-13
301131,聚赛龙,2026-03-13
301132,满坤科技,2026-03-13
301133,金钟股份,2026-03-13
301135,瑞德智能,2026-03-13
301136,招标股份,2026-03-13
301137,哈焊华通,2026-03-13
301138,华研精机,2026-03-13
301139,元道通信,2026-03-13
301141,中科磁业,2026-03-13
301148,嘉戎技术,2026-03-13
301149,隆华新材,2026-03-13
301150,中一科技,2026-03-13
301151,冠龙节能,2026-03-13
301152,天力锂能,2026-03-13
301153,中科江南,2026-03-13
301155,海力风电,2026-03-13
301156,美农生物,2026-03-13
301157,华塑科技,2026-03-13
301158,德石股份,2026-03-13
301159,三维天地,2026-03-13
301160,翔楼新材,2026-03-13
301161,唯万密封,2026-03-13
301162,国能日新,2026-03-13
301163,宏德股份,2026-03-13
301165,锐捷网络,2026-03-13
301166,优宁维,2026-03-13
301167,建研设计,2026-03-13
301168,通灵股份,2026-03-13
301169,零点有数,2026-03-13
301170,锡南科技,2026-03-13
301171,易点天下,2026-03-13
301172,君逸数码,2026-03-13
301173,毓恬冠佳,2026-03-13
301175,中科环保,2026-03-13
301176,逸豪新材,2026-03-13
301177,迪阿股份,2026-03-13
301178,天亿马,2026-03-13
301179,泽宇智能,2026-03-13
301180,万祥科技,2026-03-13
301181,标榜股份,2026-03-13
301182,凯旺科技,2026-03-13
301183,东田微,2026-03-13
301185,鸥玛软件,2026-03-13
301186,超达装备,2026-03-13
301187,欧圣电气,2026-03-13
301188,力诺药包,2026-03-13
301189,奥尼电子,2026-03-13
301190,善水科技,2026-03-13
301191,菲菱科思,2026-03-13
301192,泰祥股份,2026-03-13
301193,家联科技,2026-03-13
301195,北路智控,2026-03-13
301196,唯科科技,2026-03-13
301197,工大科雅,2026-03-13
301198,喜悦智行,2026-03-13
301199,迈赫股份,2026-03-13
301200,大族数控,2026-03-13
301201,诚达药业,2026-03-13
301202,朗威股份,2026-03-13
301203,国泰环保,2026-03-13
301205,联特科技,2026-03-13
301206,三元生物,2026-03-13
301207,华兰疫苗,2026-03-13
301208,中亦科技,2026-03-13
301209,联合化学,2026-03-13
301210,金杨精密,2026-03-13
301211,亨迪药业,2026-03-13
301212,联盛化学,2026-03-13
301213,观想科技,2026-03-13
301215,中汽股份,2026-03-13
301216,万凯新材,2026-03-13
301217,铜冠铜箔,2026-03-13
301218,华是科技,2026-03-13
301219,腾远钴业,2026-03-13
301220,亚香股份,2026-03-13
301221,光庭信息,2026-03-13
301222,浙江恒威,2026-03-13
301223,中荣股份,2026-03-13
301225,恒勃股份,2026-03-13
301226,祥明智能,2026-03-13
301227,森鹰窗业,2026-03-13
301228,实朴检测,2026-03-13
301229,纽泰格,2026-03-13
301230,泓博医药,2026-03-13
301231,荣信文化,2026-03-13
301232,飞沃科技,2026-03-13
301233,盛帮股份,2026-03-13
301234,五洲医疗,2026-03-13
301235,华康洁净,2026-03-13
301236,软通动力,2026-03-13
301237,和顺科技,2026-03-13
301238,瑞泰新材,2026-03-13
301239,普瑞眼科,2026-03-13
301246,宏源药业,2026-03-13
301248,杰创智能,2026-03-13
301251,威尔高,2026-03-13
301252,同星科技,2026-03-13
301255,通力科技,2026-03-13
301256,华融化学,2026-03-13
301257,普蕊斯,2026-03-13
301258,富士莱,2026-03-13
301259,艾布鲁,2026-03-13
301260,格力博,2026-03-13
301261,恒工精密,2026-03-13
301262,海看股份,2026-03-13
301263,泰恩康,2026-03-13
301265,华新环保,2026-03-13
301266,宇邦新材,2026-03-13
301267,华厦眼科,2026-03-13
301268,铭利达,2026-03-13
301269,华大九天,2026-03-13
301270,汉仪股份,2026-03-13
301272,英华特,2026-03-13
301273,瑞晨环保,2026-03-13
301275,汉朔科技,2026-03-13
301276,嘉曼服饰,2026-03-13
301277,新天地,2026-03-13
301278,快可电子,2026-03-13
301279,金道科技,2026-03-13
301280,珠城科技,2026-03-13
301281,科源制药,2026-03-13
301282,金禄电子,2026-03-13
301283,聚胶股份,2026-03-13
301285,鸿日达,2026-03-13
301286,侨源股份,2026-03-13
301287,康力源,2026-03-13
301288,*ST清研,2026-03-13
301289,国缆检测,2026-03-13
301290,东星医疗,2026-03-13
301291,明阳电气,2026-03-13
301292,海科新源,2026-03-13
301293,三博脑科,2026-03-13
301295,美硕科技,2026-03-13
301296,新巨丰,2026-03-13
301297,富乐德,2026-03-13
301298,东利机械,2026-03-13
301299,卓创资讯,2026-03-13
301300,远翔新材,2026-03-13
301301,川宁生物,2026-03-13
301302,华如科技,2026-03-13
301303,真兰仪表,2026-03-13
301305,朗坤科技,2026-03-13
301306,西测测试,2026-03-13
301307,美利信,2026-03-13
301308,江波龙,2026-03-13
301309,万得凯,2026-03-13
301310,鑫宏业,2026-03-13
301311,昆船智能,2026-03-13
301312,智立方,2026-03-13
301313,凡拓数创,2026-03-13
301314,科瑞思,2026-03-13
301315,威士顿,2026-03-13
301316,慧博云通,2026-03-13
301317,鑫磊股份,2026-03-13
301318,维海德,2026-03-13
301319,唯特偶,2026-03-13
301320,豪江智能,2026-03-13
301321,翰博高新,2026-03-13
301322,绿通科技,2026-03-13
301323,新莱福,2026-03-13
301325,曼恩斯特,2026-03-13
301326,捷邦科技,2026-03-13
301327,华宝新能,2026-03-13
301328,维峰电子,2026-03-13
301329,信音电子,2026-03-13
301330,熵基科技,2026-03-13
301331,恩威医药,2026-03-13
301332,德尔玛,2026-03-13
301333,诺思格,2026-03-13
301335,天元宠物,2026-03-13
301336,趣睡科技,2026-03-13
301337,亚华电子,2026-03-13
301338,凯格精机,2026-03-13
301339,通行宝,2026-03-13
301345,涛涛车业,2026-03-13
301348,蓝箭电子,2026-03-13
301349,信德新材,2026-03-13
301353,普莱得,2026-03-13
301355,南王科技,2026-03-13
301356,天振股份,2026-03-13
301357,北方长龙,2026-03-13
301358,湖南裕能,2026-03-13
301359,东南电子,2026-03-13
301360,荣旗科技,2026-03-13
301361,众智科技,2026-03-13
301362,民爆光电,2026-03-13
301363,美好医疗,2026-03-13
301365,矩阵股份,2026-03-13
301366,一博科技,2026-03-13
301367,瑞迈特,2026-03-13
301368,丰立智能,2026-03-13
301369,联动科技,2026-03-13
301370,国科恒泰,2026-03-13
301371,敷尔佳,2026-03-13
301372,科净源,2026-03-13
301373,凌玮科技,2026-03-13
301376,致欧科技,2026-03-13
301377,鼎泰高科,2026-03-13
301378,通达海,2026-03-13
301379,天山电子,2026-03-13
301380,挖金客,2026-03-13
301381,赛维时代,2026-03-13
301382,蜂助手,2026-03-13
301383,天键股份,2026-03-13
301386,未来电器,2026-03-13
301387,光大同创,2026-03-13
301388,欣灵电气,2026-03-13
301389,隆扬电子,2026-03-13
301390,经纬股份,2026-03-13
301391,卡莱特,2026-03-13
301392,汇成真空,2026-03-13
301393,昊帆生物,2026-03-13
301395,仁信新材,2026-03-13
301396,宏景科技,2026-03-13
301397,溯联股份,2026-03-13
301398,星源卓镁,2026-03-13
301399,英特科技,2026-03-13
301408,华人健康,2026-03-13
301413,安培龙,2026-03-13
301418,协昌科技,2026-03-13
301419,阿莱德,2026-03-13
301421,波长光电,2026-03-13
301428,世纪恒通,2026-03-13
301429,森泰股份,2026-03-13
301439,泓淋电力,2026-03-13
301446,福事特,2026-03-13
301448,开创电气,2026-03-13
301449,天溯计量,2026-03-13
301456,盘古智能,2026-03-13
301458,钧崴电子,2026-03-13
301459,丰茂股份,2026-03-13
301468,博盈特焊,2026-03-13
301469,恒达新材,2026-03-13
301479,弘景光电,2026-03-13
301486,致尚科技,2026-03-13
301487,盟固利,2026-03-13
301488,豪恩汽电,2026-03-13
301489,思泉新材,2026-03-13
301491,汉桑科技,2026-03-13
301498,乖宝宠物,2026-03-13
301499,维科精密,2026-03-13
301500,飞南资源,2026-03-13
301501,恒鑫生活,2026-03-13
301502,华阳智能,2026-03-13
301503,智迪科技,2026-03-13
301505,苏州规划,2026-03-13
301507,民生健康,2026-03-13
301508,中机认检,2026-03-13
301509,金凯生科,2026-03-13
301510,固高科技,2026-03-13
301511,德福科技,2026-03-13
301512,智信精密,2026-03-13
301515,港通医疗,2026-03-13
301516,中远通,2026-03-13
301517,陕西华达,2026-03-13
301518,长华化学,2026-03-13
301519,舜禹股份,2026-03-13
301520,万邦医药,2026-03-13
301522,上大股份,2026-03-13
301525,儒竞科技,2026-03-13
301526,国际复材,2026-03-13
301528,多浦乐,2026-03-13
301529,福赛科技,2026-03-13
301533,威马农机,2026-03-13
301535,浙江华远,2026-03-13
301536,星宸科技,2026-03-13
301538,骏鼎达,2026-03-13
301539,宏鑫科技,2026-03-13
301548,崇德科技,2026-03-13
301550,斯菱智驱,2026-03-13
301551,无线传媒,2026-03-13
301552,科力装备,2026-03-13
301555,惠柏新材,2026-03-13
301556,托普云农,2026-03-13
301557,常友科技,2026-03-13
301558,三态股份,2026-03-13
301559,中集环科,2026-03-13
301560,众捷汽车,2026-03-13
301563,云汉芯城,2026-03-13
301565,中仑新材,2026-03-13
301566,达利凯普,2026-03-13
301567,贝隆精密,2026-03-13
301568,思泰克,2026-03-13
301571,国科天成,2026-03-13
301575,艾芬达,2026-03-13
301577,美信科技,2026-03-13
301578,辰奕智能,2026-03-13
301580,爱迪特,2026-03-13
301581,黄山谷捷,2026-03-13
301584,建发致新,2026-03-13
301585,蓝宇股份,2026-03-13
301586,佳力奇,2026-03-13
301587,中瑞股份,2026-03-13
301588,美新科技,2026-03-13
301589,诺瓦星云,2026-03-13
301590,优优绿能,2026-03-13
301591,肯特股份,2026-03-13
301592,六九一二,2026-03-13
301595,太力科技,2026-03-13
301596,瑞迪智驱,2026-03-13
301598,博科测试,2026-03-13
301600,慧翰股份,2026-03-13
301601,惠通科技,2026-03-13
301602,超研股份,2026-03-13
301603,乔锋智能,2026-03-13
301606,绿联科技,2026-03-13
301607,富特科技,2026-03-13
301608,博实结,2026-03-13
301609,山大电力,2026-03-13
301611,珂玛科技,2026-03-13
301613,新铝时代,2026-03-13
301616,浙江华业,2026-03-13
301617,博苑股份,2026-03-13
301618,长联科技,2026-03-13
301622,英思特,2026-03-13
301626,苏州天脉,2026-03-13
301628,强达电路,2026-03-13
301629,矽电股份,2026-03-13
301630,同宇新材,2026-03-13
301631,壹连科技,2026-03-13
301632,广东建科,2026-03-13
301633,港迪技术,2026-03-13
301636,泽润新能,2026-03-13
301638,南网数字,2026-03-13
301656,联合动力,2026-03-13
301658,首航新能,2026-03-13
301662,宏工科技,2026-03-13
301665,泰禾股份,2026-03-13
301667,纳百川,2026-03-13
301668,昊创瑞通,2026-03-13
301678,新恒汇,2026-03-13
301680,固德电材,2026-03-13
301687,新广益,2026-03-13
302132,中航成飞,2026-03-13
430017,星昊医药,2026-03-13
430047,诺思兰德,2026-03-13
430090,同辉信息,2026-03-13
430139,华岭股份,2026-03-13
430198,微创光电,2026-03-13
430300,辰光医疗,2026-03-13
430418,苏轴股份,2026-03-13
430425,乐创技术,2026-03-13
430476,海能技术,2026-03-13
430478,峆一药业,2026-03-13
430489,佳先股份,2026-03-13
430510,丰光精密,2026-03-13
430556,雅达股份,2026-03-13
430564,天润科技,2026-03-13
430685,新芝生物,2026-03-13
430718,合肥高科,2026-03-13
510010,180治理ETF交银,2026-03-13
510020,超大盘ETF博时,2026-03-13
510030,价值ETF,2026-03-13
510040,上证180ETF鹏华,2026-03-13
510050,上证50ETF,2026-03-13
510060,央企ETF工银,2026-03-13
510090,责任ETF建信,2026-03-13
510100,上证50ETF易方达,2026-03-13
510130,上证中盘ETF易方达,2026-03-13
510150,消费ETF,2026-03-13
510160,产业升级ETF南方,2026-03-13
510170,大宗商品ETF,2026-03-13
510180,上证180ETF华安,2026-03-13
510190,上证50ETF华安,2026-03-13
510200,上证券商ETF汇安,2026-03-13
510210,上证指数ETF,2026-03-13
510230,金融ETF,2026-03-13
510270,国企ETF,2026-03-13
510290,上证380ETF南方,2026-03-13
510300,沪深300ETF华泰柏瑞,2026-03-13
510310,沪深300ETF易方达,2026-03-13
510320,沪深300ETF中金,2026-03-13
510330,沪深300ETF华夏,2026-03-13
510350,沪深300ETF工银,2026-03-13
510360,沪深300ETF广发,2026-03-13
510370,沪深300ETF兴业,2026-03-13
510380,沪深300ETF国寿,2026-03-13
510390,沪深300ETF平安,2026-03-13
510410,资源ETF博时,2026-03-13
510500,中证500ETF,2026-03-13
510510,中证500ETF广发,2026-03-13
510530,中证500ETF工银,2026-03-13
510550,方正中证500ETF,2026-03-13
510560,中证500ETF国寿,2026-03-13
510570,中证500ETF兴业,2026-03-13
510580,中证500ETF易方达,2026-03-13
510590,中证500ETF平安,2026-03-13
510600,上证50ETF申万菱信,2026-03-13
510630,消费ETF华夏,2026-03-13
510650,金融地产ETF华夏,2026-03-13
510660,医药ETF华夏,2026-03-13
510670,上证180ETF华夏,2026-03-13
510680,上证50ETF万家,2026-03-13
510710,上证50ETF博时,2026-03-13
510720,红利国企ETF国泰,2026-03-13
510760,上证指数ETF国泰,2026-03-13
510770,G60创新ETF申万菱信,2026-03-13
510800,上证50ETF建信,2026-03-13
510810,上海国企ETF汇添富,2026-03-13
510850,上证50ETF工银,2026-03-13
510880,红利ETF华泰柏瑞,2026-03-13
510900,恒生中国企业ETF易方达,2026-03-13
510950,上证50ETF广发,2026-03-13
510980,上证指数ETF汇添富,2026-03-13
510990,180ESGETF工银,2026-03-13
511010,国债ETF,2026-03-13
511020,国债ETF5至10年,2026-03-13
511030,公司债ETF,2026-03-13
511060,5年地方债ETF海富通,2026-03-13
511070,公司债ETF南方,2026-03-13
511090,30年国债ETF,2026-03-13
511100,国债ETF华夏,2026-03-13
511110,公司债ETF易方达,2026-03-13
511120,科创债ETF广发,2026-03-13
511130,30年国债ETF博时,2026-03-13
511150,科创债ETF永赢,2026-03-13
511160,国债ETF东财,2026-03-13
511180,可转债ETF海富通,2026-03-13
511190,信用债ETF海富通,2026-03-13
511200,信用债ETF华夏,2026-03-13
511220,城投债ETF海富通,2026-03-13
511260,十年国债ETF,2026-03-13
511270,10年地方债ETF海富通,2026-03-13
511360,短融ETF海富通,2026-03-13
511380,可转债ETF博时,2026-03-13
511520,政金债券ETF,2026-03-13
511580,国债政金债ETF招商,2026-03-13
511600,华安日日鑫ETF,2026-03-13
511620,货币ETF国泰,2026-03-13
511650,货币ETF华夏,2026-03-13
511660,货币ETF建信,2026-03-13
511670,华泰天天金ETF,2026-03-13
511690,交易货币ETF大成,2026-03-13
511700,场内货币ETF,2026-03-13
511770,金鹰增益货币ETF,2026-03-13
511800,易方达货币ETF,2026-03-13
511810,货币ETF南方,2026-03-13
511820,鹏华添利ETF,2026-03-13
511830,华泰货币ETF,2026-03-13
511850,招商财富宝ETF,2026-03-13
511860,货币ETF博时,2026-03-13
511880,银华日利ETF,2026-03-13
511900,富国货币ETF,2026-03-13
511910,融通货币ETF,2026-03-13
511920,广发货币ETF,2026-03-13
511930,货币ETF国联,2026-03-13
511950,添利货币ETF,2026-03-13
511960,货币ETF嘉实,2026-03-13
511970,国寿货币ETF,2026-03-13
511980,现金添富ETF,2026-03-13
511990,华宝添益ETF,2026-03-13
512000,券商ETF,2026-03-13
512010,医药ETF易方达,2026-03-13
512020,A500ETF鹏华,2026-03-13
512030,中证A50增强ETF易方达,2026-03-13
512033,中证A50增强ETF易方达,2026-03-13
512040,价值100ETF,2026-03-13
512050,A500ETF基金,2026-03-13
512060,中证A100ETF天弘,2026-03-13
512070,证券保险ETF易方达,2026-03-13
512080,A500ETF中金,2026-03-13
512090,MSCIA股ETF易方达,2026-03-13
512100,中证1000ETF,2026-03-13
512120,医药ETF华安,2026-03-13
512130,全指现金流ETF鹏华,2026-03-13
512133,现金流ETF中证全指,2026-03-13
512150,富时A50ETF汇安,2026-03-13
512160,MSCI中国A股ETF南方,2026-03-13
512170,医疗ETF,2026-03-13
512180,MSCIA股ETF建信,2026-03-13
512190,浙商之江凤凰ETF,2026-03-13
512200,房地产ETF,2026-03-13
512220,TMTETF,2026-03-13
512240,A50ETF鹏华,2026-03-13
512250,A50ETF招商,2026-03-13
512260,中证500低波动ETF华安,2026-03-13
512280,MSCIA股ETF景顺,2026-03-13
512290,生物医药ETF,2026-03-13
512330,信息科技ETF南方,2026-03-13
512360,MSCI中国A股ETF基金,2026-03-13
512370,A500增强ETF华夏,2026-03-13
512380,MSCI中国ETF银华,2026-03-13
512390,平安MSCI低波ETF,2026-03-13
512400,有色金属ETF,2026-03-13
512480,半导体ETF,2026-03-13
512500,中证500ETF华夏,2026-03-13
512510,中证500ETF华泰柏瑞,2026-03-13
512520,MSCIETF,2026-03-13
512530,沪深300红利ETF建信,2026-03-13
512550,富时A50ETF嘉实,2026-03-13
512560,军工ETF易方达,2026-03-13
512570,证券ETF易方达,2026-03-13
512580,环保ETF,2026-03-13
512600,消费ETF嘉实,2026-03-13
512620,农业ETF天弘,2026-03-13
512630,卫星ETF广发,2026-03-13
512640,金融地产ETF嘉实,2026-03-13
512650,长三角ETF汇添富,2026-03-13
512660,军工ETF,2026-03-13
512670,国防ETF,2026-03-13
512680,军工ETF广发,2026-03-13
512690,酒ETF,2026-03-13
512700,银行ETF南方,2026-03-13
512710,军工龙头ETF,2026-03-13
512720,计算机ETF,2026-03-13
512730,银行ETF鹏华,2026-03-13
512750,基本面50ETF嘉实,2026-03-13
512760,芯片ETF,2026-03-13
512770,战略新兴ETF,2026-03-13
512800,银行ETF,2026-03-13
512810,军工ETF华宝,2026-03-13
512820,银行ETF汇添富,2026-03-13
512830,战略新产,2026-03-13
512870,杭州湾区ETF南华,2026-03-13
512880,证券ETF,2026-03-13
512890,红利低波ETF华泰柏瑞,2026-03-13
512900,证券ETF南方,2026-03-13
512910,中证A100ETF,2026-03-13
512930,AI人工智能ETF,2026-03-13
512940,有色ETF华安,2026-03-13
512950,央企改革ETF华夏,2026-03-13
512960,央企结构调整ETF博时,2026-03-13
512970,大湾区ETF,2026-03-13
512980,传媒ETF,2026-03-13
512990,MSCIA股ETF华夏,2026-03-13
513000,日经225ETF易方达,2026-03-13
513010,恒生科技ETF易方达,2026-03-13
513020,港股科技ETF,2026-03-13
513030,德国ETF华安,2026-03-13
513040,港股通互联网ETF易方达,2026-03-13
513050,中概互联网ETF易方达,2026-03-13
513060,恒生医疗ETF博时,2026-03-13
513070,港股通消费ETF易方达,2026-03-13
513080,法国ETF华安,2026-03-13
513090,香港证券ETF易方达,2026-03-13
513100,纳指ETF,2026-03-13
513110,纳斯达克100ETF,2026-03-13
513120,港股创新药ETF,2026-03-13
513130,恒生科技ETF,2026-03-13
513140,港股金融ETF,2026-03-13
513150,港股通科技ETF华泰柏瑞,2026-03-13
513160,港股科技ETF银华,2026-03-13
513170,恒生央企ETF,2026-03-13
513180,恒生科技指数ETF,2026-03-13
513190,港股通金融ETF,2026-03-13
513200,港股通医药ETF易方达,2026-03-13
513210,恒生ETF易方达,2026-03-13
513220,中概互联ETF,2026-03-13
513230,港股通消费ETF华夏,2026-03-13
513260,恒生科技ETF汇添富,2026-03-13
513280,恒生生物科技ETF汇添富,2026-03-13
513290,纳指生物科技ETF汇添富,2026-03-13
513300,纳斯达克ETF,2026-03-13
513310,中韩半导体ETF,2026-03-13
513320,港股通新经济ETF易方达,2026-03-13
513330,恒生互联网ETF,2026-03-13
513350,标普油气ETF,2026-03-13
513360,教育ETF博时,2026-03-13
513380,恒生科技ETF广发,2026-03-13
513390,纳指100ETF博时,2026-03-13
513400,道琼斯ETF,2026-03-13
513500,标普500ETF博时,2026-03-13
513520,日经ETF,2026-03-13
513530,港股通红利ETF华泰柏瑞,2026-03-13
513550,港股通50ETF,2026-03-13
513560,香港科技ETF兴银,2026-03-13
513580,恒生科技ETF华安,2026-03-13
513590,港股通消费ETF鹏华,2026-03-13
513600,恒生指数ETF南方,2026-03-13
513630,港股低波红利ETF摩根,2026-03-13
513650,标普500ETF南方,2026-03-13
513660,恒生ETF,2026-03-13
513690,港股红利ETF博时,2026-03-13
513700,港股通医药ETF鹏华,2026-03-13
513720,港股互联网ETF国泰,2026-03-13
513730,东南亚科技ETF,2026-03-13
513750,港股通非银ETF,2026-03-13
513770,港股互联网ETF,2026-03-13
513780,港股创新药ETF景顺,2026-03-13
513800,日本东证指数ETF南方,2026-03-13
513810,港股国企ETF,2026-03-13
513820,港股通红利ETF汇添富,2026-03-13
513830,港股通高股息ETF嘉实,2026-03-13
513850,美国50ETF易方达,2026-03-13
513860,港股通科技ETF海富通,2026-03-13
513870,纳指ETF富国,2026-03-13
513880,日经225ETF华安,2026-03-13
513890,恒生科技ETF摩根,2026-03-13
513900,港股通100ETF华安,2026-03-13
513910,港股央企红利ETF,2026-03-13
513920,港股通央企红利ETF华安,2026-03-13
513950,恒生红利ETF,2026-03-13
513970,恒生消费ETF景顺,2026-03-13
513980,港股科技ETF景顺,2026-03-13
513990,港股通ETF招商,2026-03-13
515000,科技ETF,2026-03-13
515010,证券ETF华夏,2026-03-13
515020,银行ETF华夏,2026-03-13
515030,新能源车ETF,2026-03-13
515050,通信ETF华夏,2026-03-13
515060,房地产ETF华夏,2026-03-13
515070,人工智能AIETF,2026-03-13
515080,中证红利ETF,2026-03-13
515090,可持续发展ETF博时,2026-03-13
515100,红利低波100ETF,2026-03-13
515110,一带一路ETF易方达,2026-03-13
515120,创新药ETF,2026-03-13
515130,沪深300ETF博时,2026-03-13
515150,一带一路ETF富国,2026-03-13
515160,MSCI中国ETF招商,2026-03-13
515170,食品饮料ETF,2026-03-13
515180,红利ETF易方达,2026-03-13
515190,中证500ETF中银证券,2026-03-13
515200,创新100ETF申万菱信,2026-03-13
515210,钢铁ETF,2026-03-13
515220,煤炭ETF,2026-03-13
515230,软件ETF,2026-03-13
515250,智能汽车ETF,2026-03-13
515260,电子ETF,2026-03-13
515290,银行ETF天弘,2026-03-13
515300,300红利低波ETF嘉实,2026-03-13
515310,沪深300ETF汇添富,2026-03-13
515320,电子50ETF华安,2026-03-13
515330,沪深300ETF天弘,2026-03-13
515350,沪深300ETF民生加银,2026-03-13
515360,方正沪深300ETF,2026-03-13
515370,光伏ETF华夏,2026-03-13
515380,沪深300ETF泰康,2026-03-13
515390,沪深300ETF华安,2026-03-13
515400,大数据ETF,2026-03-13
515450,红利低波50ETF,2026-03-13
515530,中证500ETF泰康,2026-03-13
515550,中证500ETF国联,2026-03-13
515560,证券ETF建信,2026-03-13
515580,科技100ETF,2026-03-13
515590,500等权ETF,2026-03-13
515600,央企创新ETF,2026-03-13
515630,证券保险ETF鹏华,2026-03-13
515650,消费50ETF,2026-03-13
515660,沪深300ETF国联安,2026-03-13
515680,央企创新ETF嘉实,2026-03-13
515700,新能车ETF,2026-03-13
515710,食品饮料ETF华宝,2026-03-13
515720,金融科技ETF富国,2026-03-13
515730,家居家电ETF永赢,2026-03-13
515750,科技50ETF,2026-03-13
515760,浙江国资ETF华夏,2026-03-13
515770,MSCI中国A股ETF摩根,2026-03-13
515780,浦银MSCI中国ETF,2026-03-13
515790,光伏ETF,2026-03-13
515800,800ETF,2026-03-13
515810,中证800ETF易方达,2026-03-13
515850,证券ETF富国,2026-03-13
515860,科技ETF嘉实,2026-03-13
515880,通信ETF,2026-03-13
515890,红利ETF博时,2026-03-13
515900,央企创新ETF博时,2026-03-13
515910,质量ETF中金,2026-03-13
515920,智能消费ETF博时,2026-03-13
515950,医药龙头ETF,2026-03-13
515960,医药ETF嘉实,2026-03-13
515970,工程机械ETF华夏,2026-03-13
515980,人工智能ETF,2026-03-13
515990,一带一路ETF汇添富,2026-03-13
516000,大数据ETF华夏,2026-03-13
516010,游戏ETF,2026-03-13
516020,化工ETF,2026-03-13
516050,科技龙头ETF工银,2026-03-13
516060,创新药ETF工银,2026-03-13
516070,低碳ETF易方达,2026-03-13
516080,创新药ETF易方达,2026-03-13
516090,新能源ETF易方达,2026-03-13
516100,金融科技ETF华夏,2026-03-13
516110,汽车ETF,2026-03-13
516120,化工50ETF,2026-03-13
516130,消费龙头ETF,2026-03-13
516150,稀土ETF嘉实,2026-03-13
516160,新能源ETF,2026-03-13
516170,食品饮料行业ETF,2026-03-13
516180,光伏ETF基金,2026-03-13
516190,传媒ETF华夏,2026-03-13
516200,证券ETF华安,2026-03-13
516210,银行ETF华安,2026-03-13
516220,化工ETF国泰,2026-03-13
516230,光伏ETF招商,2026-03-13
516250,工程机械ETF富国,2026-03-13
516260,物联网ETF华夏,2026-03-13
516270,新能源ETF华安,2026-03-13
516290,光伏ETF汇添富,2026-03-13
516300,中证1000ETF华泰柏瑞,2026-03-13
516310,银行ETF易方达,2026-03-13
516320,高端装备ETF华夏,2026-03-13
516330,物联网ETF,2026-03-13
516350,芯片ETF易方达,2026-03-13
516360,新材料ETF,2026-03-13
516380,智能电动车ETF,2026-03-13
516390,新能源车ETF汇添富,2026-03-13
516460,现金流ETF800鹏华,2026-03-13
516480,新材料ETF基金,2026-03-13
516500,生物科技ETF,2026-03-13
516510,云计算ETF易方达,2026-03-13
516520,智能驾驶ETF,2026-03-13
516530,物流ETF银华,2026-03-13
516550,农业ETF嘉实,2026-03-13
516560,养老ETF,2026-03-13
516570,化工行业ETF易方达,2026-03-13
516580,新能源ETF博时,2026-03-13
516590,智能汽车ETF易方达,2026-03-13
516600,消费服务ETF工银,2026-03-13
516610,医疗设备ETF大成,2026-03-13
516620,影视ETF,2026-03-13
516630,云计算ETF华夏,2026-03-13
516640,芯片ETF富国,2026-03-13
516650,有色金属ETF基金,2026-03-13
516660,新能源车ETF华安,2026-03-13
516670,畜牧养殖ETF,2026-03-13
516700,大数据ETF华宝,2026-03-13
516710,新材料ETF华夏,2026-03-13
516720,ESGETF浦银,2026-03-13
516730,证券ETF浦银,2026-03-13
516750,建材ETF,2026-03-13
516760,养殖ETF,2026-03-13
516770,游戏ETF华泰柏瑞,2026-03-13
516780,稀土ETF,2026-03-13
516790,医疗ETF华泰柏瑞,2026-03-13
516800,智能制造ETF,2026-03-13
516810,农业ETF华夏,2026-03-13
516820,医疗创新ETF,2026-03-13
516830,300ESGETF,2026-03-13
516850,新能源ETF华夏,2026-03-13
516860,金融科技ETF博时,2026-03-13
516880,光伏ETF银华,2026-03-13
516890,新材料ETF指数基金,2026-03-13
516900,食品饮料ETF华安,2026-03-13
516910,物流ETF富国,2026-03-13
516920,芯片ETF汇添富,2026-03-13
516930,生物科技ETF民生加银,2026-03-13
516950,基建ETF银华,2026-03-13
516960,机械ETF国泰,2026-03-13
516970,基建ETF广发,2026-03-13
516980,证券ETF先锋,2026-03-13
517000,沪港深500ETF,2026-03-13
517010,沪港深500ETF易方达,2026-03-13
517030,沪港深300ETF易方达,2026-03-13
517050,互联网ETF华泰柏瑞,2026-03-13
517080,沪港深500ETF汇添富,2026-03-13
517090,央企共赢ETF国泰,2026-03-13
517100,沪港深500ETF富国,2026-03-13
517110,创新药ETF国泰,2026-03-13
517120,创新药ETF华泰柏瑞,2026-03-13
517160,长江保护ETF南方,2026-03-13
517170,沪港深500ETF华夏,2026-03-13
517180,中国国企ETF南方,2026-03-13
517200,互联网ETF嘉实,2026-03-13
517300,沪港深300ETF国寿,2026-03-13
517330,长江保护ETF易方达,2026-03-13
517350,沪港深科技ETF广发,2026-03-13
517360,沪港深科技ETF华安,2026-03-13
517380,创新药ETF天弘,2026-03-13
517390,云计算ETF天弘,2026-03-13
517400,黄金股票ETF,2026-03-13
517520,黄金股ETF,2026-03-13
517550,沪港深消费龙头ETF招商,2026-03-13
517660,物联网ETF天弘,2026-03-13
517770,游戏传媒ETF浦银,2026-03-13
517800,人工智能50ETF方正富邦,2026-03-13
517850,张江ETF汇添富,2026-03-13
517880,品牌消费ETF,2026-03-13
517900,银行AH优选ETF,2026-03-13
517950,沪深港科技50ETF交银,2026-03-13
517980,银行AHETF,2026-03-13
517990,沪港深医药ETF招商,2026-03-13
518600,上海金ETF,2026-03-13
518660,黄金ETF工银,2026-03-13
518680,金ETF,2026-03-13
518800,黄金ETF国泰,2026-03-13
518850,黄金ETF华夏,2026-03-13
518860,上海金ETF建信,2026-03-13
518880,黄金ETF华安,2026-03-13
518890,中银上海金ETF,2026-03-13
520500,恒生创新药ETF,2026-03-13
520510,港股通医疗ETF,2026-03-13
520520,恒生消费ETF华泰柏瑞,2026-03-13
520530,港股通科技ETF东财,2026-03-13
520550,港股红利低波ETF,2026-03-13
520560,香港大盘30ETF,2026-03-13
520570,恒生科技ETF南方,2026-03-13
520580,新兴亚洲ETF招商,2026-03-13
520590,恒生科技ETF鹏华,2026-03-13
520600,港股汽车ETF,2026-03-13
520610,港股红利低波ETF银华,2026-03-13
520620,恒生消费ETF嘉实,2026-03-13
520630,港股通互联网ETF广发,2026-03-13
520650,港股通互联网ETF南方,2026-03-13
520660,港股通央企红利ETF南方,2026-03-13
520670,港股通科技ETF嘉实,2026-03-13
520690,港股创新药ETF博时,2026-03-13
520700,港股通创新药ETF万家,2026-03-13
520720,港股汽车ETF国泰,2026-03-13
520760,恒生生物科技ETF摩根,2026-03-13
520770,恒指港股通ETF建信,2026-03-13
520780,港股通汽车ETF华宝,2026-03-13
520810,港股通红利ETF易方达,2026-03-13
520820,恒生港股通ETF汇添富,2026-03-13
520830,沙特ETF,2026-03-13
520840,港股通恒生科技ETF华安,2026-03-13
520850,港股通医疗ETF易方达,2026-03-13
520860,港股通科技ETF富国,2026-03-13
520870,巴西ETF易方达,2026-03-13
520880,港股通创新药ETF,2026-03-13
520890,港股通红利低波ETF华泰柏瑞,2026-03-13
520900,港股通红利ETF广发,2026-03-13
520910,港股通互联网ETF基金,2026-03-13
520920,恒生科技ETF天弘,2026-03-13
520930,恒生生物科技ETF国泰,2026-03-13
520940,港股通恒生ETF华安,2026-03-13
520950,港股通50ETF摩根,2026-03-13
520960,恒指港股通ETF嘉实,2026-03-13
520970,港股通创新药ETF嘉实,2026-03-13
520980,港股通科技ETF汇添富,2026-03-13
520990,港股央企红利ETF景顺,2026-03-13
530000,上证50ETF天弘,2026-03-13
530050,上证50ETF东财,2026-03-13
530060,上证指数ETF易方达,2026-03-13
530080,上证180ETF天弘,2026-03-13
530100,上证580ETF易方达,2026-03-13
530180,上证180ETF易方达,2026-03-13
530280,上证180ETF指数基金,2026-03-13
530300,上证180ETF华泰柏瑞,2026-03-13
530380,上证380ETF易方达,2026-03-13
530530,上证580ETF华夏,2026-03-13
530580,上证180ETF南方,2026-03-13
530680,上证180ETF兴业,2026-03-13
530800,上证180ETF银华,2026-03-13
530880,红利国企ETF银河,2026-03-13
551000,科创债ETF博时,2026-03-13
551030,科创债ETF鹏华,2026-03-13
551060,科创债ETF中银,2026-03-13
551300,科创债ETF摩根,2026-03-13
551500,科创债ETF易方达,2026-03-13
551510,科创债ETF华泰柏瑞,2026-03-13
551520,科创债ETF汇添富,2026-03-13
551550,科创债ETF华夏,2026-03-13
551560,科创债ETF兴业,2026-03-13
551580,科创债ETF泰康,2026-03-13
551800,科创债ETF国泰,2026-03-13
551900,科创债ETF招商,2026-03-13
560000,智能电车ETF浦银,2026-03-13
560010,中证1000ETF广发,2026-03-13
560020,红利ETF汇添富,2026-03-13
560030,800价值ETF汇添富,2026-03-13
560050,中国A50ETF汇添富,2026-03-13
560060,碳中和ETF汇添富,2026-03-13
560070,央企红利ETF汇添富,2026-03-13
560080,中药ETF,2026-03-13
560090,证券ETF汇添富,2026-03-13
560100,中证500增强ETF南方,2026-03-13
560110,中证1000ETF汇添富,2026-03-13
560120,现金流500ETF,2026-03-13
560130,食品ETF鹏华,2026-03-13
560150,红利低波ETF泰康,2026-03-13
560160,食品ETF易方达,2026-03-13
560170,央企科技ETF南方,2026-03-13
560180,沪深300ESGETF南方,2026-03-13
560190,公用事业ETF,2026-03-13
560220,中证2000ETF广发,2026-03-13
560230,光伏ETF富国,2026-03-13
560260,医疗ETF广发,2026-03-13
560270,电力ETF工银,2026-03-13
560280,工程机械ETF,2026-03-13
560290,有色ETF景顺,2026-03-13
560300,电信ETF汇添富,2026-03-13
560310,光伏ETF博时,2026-03-13
560330,沪深300价值ETF申万菱信,2026-03-13
560350,中证A50ETF摩根,2026-03-13
560360,软件ETF万家,2026-03-13
560370,红利质量ETF易方达,2026-03-13
560380,A100ETF南方,2026-03-13
560390,电网设备ETF易方达,2026-03-13
560500,500质量成长ETF,2026-03-13
560510,中证A500ETF,2026-03-13
560520,红利低波100ETF大成,2026-03-13
560530,中证A500ETF摩根,2026-03-13
560550,碳中和ETF广发,2026-03-13
560560,碳中和ETF泰康,2026-03-13
560570,A500红利ETF,2026-03-13
560580,电力ETF南方,2026-03-13
560590,中证1000增强ETF鹏华,2026-03-13
560610,A500ETF招商,2026-03-13
560620,公用事业ETF万家,2026-03-13
560630,机器人ETF万家,2026-03-13
560650,核心50ETF民生加银,2026-03-13
560660,云计算50ETF新华,2026-03-13
560680,消费ETF广发,2026-03-13
560690,电信ETF鹏华,2026-03-13
560700,央企红利ETF广发,2026-03-13
560710,船舶ETF,2026-03-13
560750,A500ETF申万菱信,2026-03-13
560770,机器人指数ETF,2026-03-13
560780,半导体设备ETF广发,2026-03-13
560800,数字经济ETF,2026-03-13
560810,央企ESGETF融通,2026-03-13
560820,中证A50ETF新华,2026-03-13
560850,信创ETF汇添富,2026-03-13
560860,工业有色ETF万家,2026-03-13
560880,家电ETF广发,2026-03-13
560890,红利低波ETF新华,2026-03-13
560900,创新药ETF摩根,2026-03-13
560950,中证500增强ETF汇添富,2026-03-13
560960,碳中和60指数ETF,2026-03-13
560980,光伏龙头ETF广发,2026-03-13
560990,科技先锋ETF中金,2026-03-13
561000,沪深300增强ETF华安,2026-03-13
561010,软件ETF华安,2026-03-13
561060,国企红利ETF华安,2026-03-13
561080,全指现金流ETF华安,2026-03-13
561090,A500增强ETF华安,2026-03-13
561100,消费电子ETF富国,2026-03-13
561120,家电ETF,2026-03-13
561130,国货ETF富国,2026-03-13
561160,电池ETF富国,2026-03-13
561170,绿色电力ETF,2026-03-13
561180,A100ETF,2026-03-13
561190,碳中和ETF富国,2026-03-13
561200,中证A100ETF工银,2026-03-13
561220,数字经济ETF工银,2026-03-13
561230,中证A50ETF工银,2026-03-13
561260,能源ETF工银,2026-03-13
561280,中证1000增强ETF工银,2026-03-13
561300,沪深300增强ETF国泰,2026-03-13
561310,消电ETF国泰,2026-03-13
561320,交运ETF,2026-03-13
561330,矿业ETF,2026-03-13
561350,中证500ETF国泰,2026-03-13
561360,石油ETF,2026-03-13
561370,中证2000ETF国泰,2026-03-13
561380,电网ETF,2026-03-13
561500,漂亮50ETF,2026-03-13
561510,中药ETF华泰柏瑞,2026-03-13
561550,500增强ETF,2026-03-13
561560,电力ETF,2026-03-13
561570,油气ETF华泰柏瑞,2026-03-13
561580,央企红利ETF华泰柏瑞,2026-03-13
561590,中证1000增强ETF,2026-03-13
561600,消费电子ETF,2026-03-13
561660,通用航空ETF基金,2026-03-13
561680,中证A500红利低波ETF,2026-03-13
561700,电力ETF博时,2026-03-13
561750,A50ETF博时,2026-03-13
561760,油气ETF博时,2026-03-13
561770,A100ETF博时,2026-03-13
561780,1000增强ETF博时,2026-03-13
561790,央企能源ETF博时,2026-03-13
561800,稀有金属ETF华富,2026-03-13
561870,自由现金流ETF全指,2026-03-13
561880,A100ETF基金,2026-03-13
561900,沪深300ESGETF招商,2026-03-13
561910,电池ETF,2026-03-13
561920,疫苗ETF招商,2026-03-13
561930,沪深300ETF招商,2026-03-13
561950,中证500增强ETF招商,2026-03-13
561960,央企回报ETF招商,2026-03-13
561980,半导体设备ETF,2026-03-13
561990,沪深300增强ETF招商,2026-03-13
562000,中证A100ETF基金,2026-03-13
562010,绿色能源ETF,2026-03-13
562030,信创ETF基金,2026-03-13
562050,药ETF,2026-03-13
562053,药ETF,2026-03-13
562060,标普A股红利ETF华宝,2026-03-13
562070,沪深300指增ETF,2026-03-13
562080,300现金流ETF,2026-03-13
562260,汽车配件ETF,2026-03-13
562300,碳中和ETF银华,2026-03-13
562310,沪深300成长ETF银华,2026-03-13
562320,沪深300价值ETF银华,2026-03-13
562330,中证500价值ETF银华,2026-03-13
562340,中证500成长ETF银华,2026-03-13
562350,电力ETF银华,2026-03-13
562360,机器人ETF银华,2026-03-13
562380,央企科技ETF银华,2026-03-13
562390,中药ETF银华,2026-03-13
562500,机器人ETF,2026-03-13
562510,旅游ETF,2026-03-13
562520,中证1000成长ETF,2026-03-13
562530,中证1000价值ETF,2026-03-13
562550,绿电ETF,2026-03-13
562560,信息技术ETF,2026-03-13
562570,信创ETF,2026-03-13
562580,可选消费ETF,2026-03-13
562590,半导体设备ETF华夏,2026-03-13
562600,医疗器械ETF,2026-03-13
562660,中证2000ETF华夏,2026-03-13
562700,汽车零部件ETF,2026-03-13
562800,稀有金属ETF,2026-03-13
562810,上证指数增强ETF嘉实,2026-03-13
562820,集成电路ETF嘉实,2026-03-13
562850,央企能源ETF嘉实,2026-03-13
562860,疫苗ETF嘉实,2026-03-13
562870,证券ETF嘉实,2026-03-13
562880,电池ETF嘉实,2026-03-13
562890,A50ETF嘉实,2026-03-13
562900,农业ETF易方达,2026-03-13
562910,高端制造ETF易方达,2026-03-13
562920,信息安全ETF易方达,2026-03-13
562930,软件ETF易方达,2026-03-13
562950,消费电子ETF易方达,2026-03-13
562960,绿色电力ETF易方达,2026-03-13
562970,光伏ETF易方达,2026-03-13
562990,碳中和ETF易方达,2026-03-13
563000,中国A50ETF易方达,2026-03-13
563010,电信ETF易方达,2026-03-13
563020,红利低波ETF易方达,2026-03-13
563030,中证500增强ETF易方达,2026-03-13
563050,央企科技ETF易方达,2026-03-13
563060,央企50ETF易方达,2026-03-13
563080,中证A50ETF易方达,2026-03-13
563090,上证50增强ETF易方达,2026-03-13
563150,油气ETF银华,2026-03-13
563180,高股息ETF,2026-03-13
563200,中证2000ETF富国,2026-03-13
563210,专精特新ETF,2026-03-13
563220,中证A500ETF富国,2026-03-13
563230,卫星ETF,2026-03-13
563280,A50增强ETF富国,2026-03-13
563300,中证2000ETF,2026-03-13
563320,通用航空ETF,2026-03-13
563330,A股ETF,2026-03-13
563350,中证A50ETF,2026-03-13
563360,A500ETF华泰柏瑞,2026-03-13
563380,航空航天ETF,2026-03-13
563390,现金流ETF全指,2026-03-13
563500,A500ETF华宝,2026-03-13
563510,A500红利低波ETF易方达,2026-03-13
563520,沪深300ETF永赢,2026-03-13
563530,卫星ETF易方达,2026-03-13
563550,A500增强ETF摩根,2026-03-13
563560,科技成长ETF兴业,2026-03-13
563570,金融科技ETF兴业,2026-03-13
563580,自由现金流800ETF万家,2026-03-13
563590,A500红利低波动ETF国寿,2026-03-13
563600,A500增强ETF易方达,2026-03-13
563620,全指现金流ETF兴业,2026-03-13
563630,A500增强ETF国联安,2026-03-13
563650,中证A500ETF兴业,2026-03-13
563660,A500ETF银河,2026-03-13
563670,金融科技ETF鹏华,2026-03-13
563680,800现金流ETF汇添富,2026-03-13
563690,红利低波ETF永赢,2026-03-13
563700,红利价值ETF易方达,2026-03-13
563750,中证500ETF汇添富,2026-03-13
563760,全指自由现金流ETF,2026-03-13
563770,全指现金流ETF招商,2026-03-13
563780,现金流全指ETF,2026-03-13
563790,卫星ETF鹏华,2026-03-13
563800,A500ETF龙头,2026-03-13
563830,全指现金流ETF博时,2026-03-13
563850,食品ETF广发,2026-03-13
563860,中证A500ETF海富通,2026-03-13
563870,通用航空ETF鹏华,2026-03-13
563880,A500ETF汇添富,2026-03-13
563890,国企红利ETF创金合信,2026-03-13
563900,300自由现金流ETF摩根,2026-03-13
563930,上证增强ETF招商,2026-03-13
563960,300质量ETF兴全,2026-03-13
563980,800红利低波ETF鑫元,2026-03-13
563990,800现金流ETF,2026-03-13
588000,科创50ETF,2026-03-13
588010,科创新材料ETF博时,2026-03-13
588020,科创成长ETF易方达,2026-03-13
588030,科创100ETF博时,2026-03-13
588040,科创50ETF鹏华,2026-03-13
588050,科创50ETF工银,2026-03-13
588060,科创50ETF广发,2026-03-13
588070,科创成长ETF万家,2026-03-13
588080,科创50ETF易方达,2026-03-13
588090,科创50ETF华泰柏瑞,2026-03-13
588100,科创信息ETF嘉实,2026-03-13
588110,科创成长ETF,2026-03-13
588120,科创100ETF国泰,2026-03-13
588130,科创医药ETF华夏,2026-03-13
588140,科创200ETF广发,2026-03-13
588150,科创50ETF南方,2026-03-13
588160,科创新材料ETF南方,2026-03-13
588170,科创半导体ETF,2026-03-13
588180,科创50ETF基金,2026-03-13
588190,科创100ETF,2026-03-13
588200,科创芯片ETF,2026-03-13
588210,科创100ETF易方达,2026-03-13
588220,科创100ETF鹏华,2026-03-13
588230,科创200ETF,2026-03-13
588240,科创200ETF鹏华,2026-03-13
588250,科创生物医药ETF,2026-03-13
588260,科创信息ETF华安,2026-03-13
588270,科创200ETF易方达,2026-03-13
588273,科创200ETF易方达,2026-03-13
588280,科创50ETF华安,2026-03-13
588290,科创芯片ETF华安,2026-03-13
588300,科创创业50ETF招商,2026-03-13
588310,双创ETF基金,2026-03-13
588320,双创50ETF增强,2026-03-13
588330,双创龙头ETF,2026-03-13
588350,双创50ETF基金,2026-03-13
588360,科创创业ETF国泰,2026-03-13
588370,科创50增强ETF南方,2026-03-13
588380,双创50ETF,2026-03-13
588390,科创创业ETF博时,2026-03-13
588400,科创创业ETF嘉实,2026-03-13
588410,科创创业人工智能ETF鹏华,2026-03-13
588420,科创创业人工智能ETF摩根,2026-03-13
588430,科创创业人工智能ETF工银,2026-03-13
588450,科创50增强ETF招商,2026-03-13
588460,科创50增强ETF,2026-03-13
588500,科创100增强ETF易方达,2026-03-13
588520,科创增强ETF,2026-03-13
588550,科创综指增强ETF易方达,2026-03-13
588660,科创创业50ETF兴银,2026-03-13
588670,科创综指增强ETF嘉实,2026-03-13
588673,科创综指增强ETF,2026-03-13
588680,科创100ETF增强指数基金,2026-03-13
588690,科创增强ETF银华,2026-03-13
588700,科创医药ETF嘉实,2026-03-13
588710,科创半导体设备ETF,2026-03-13
588720,科创50ETF中银,2026-03-13
588730,科创人工智能ETF易方达,2026-03-13
588750,科创芯片ETF汇添富,2026-03-13
588760,科创人工智能ETF广发,2026-03-13
588770,科创信息ETF摩根,2026-03-13
588780,科创芯片设计ETF,2026-03-13
588790,科创AIETF博时,2026-03-13
588800,科创100ETF华夏,2026-03-13
588810,科创芯片ETF富国,2026-03-13
588820,科创200ETF华夏,2026-03-13
588830,科创新能源ETF,2026-03-13
588840,科创50ETF万家,2026-03-13
588850,科创机械ETF嘉实,2026-03-13
588860,科创医药ETF工银,2026-03-13
588870,科创50ETF汇添富,2026-03-13
588880,科创100ETF华泰柏瑞,2026-03-13
588890,科创芯片ETF南方,2026-03-13
588900,科创100ETF南方,2026-03-13
588910,科创价值ETF建信,2026-03-13
588920,科创芯片ETF鹏华,2026-03-13
588930,科创人工智能ETF银华,2026-03-13
588940,科创50ETF富国,2026-03-13
588950,科创50ETF景顺,2026-03-13
588960,科创板新能源ETF,2026-03-13
588980,科创100ETF广发,2026-03-13
588983,科创100ETF广发,2026-03-13
588990,科创芯片ETF博时,2026-03-13
589000,科创综指ETF华夏,2026-03-13
589010,科创人工智能ETF华夏,2026-03-13
589020,科创半导体设备ETF鹏华,2026-03-13
589030,科创芯片设计ETF易方达,2026-03-13
589050,科创综指ETF兴业,2026-03-13
589060,科创综指ETF东财,2026-03-13
589070,科创芯片设计ETF天弘,2026-03-13
589080,科创综指ETF汇添富,2026-03-13
589090,科创AIETF鹏华,2026-03-13
589100,科创芯片ETF国泰,2026-03-13
589110,科创人工智能ETF国泰,2026-03-13
589120,科创创新药ETF汇添富,2026-03-13
589130,科创芯片ETF易方达,2026-03-13
589150,科创50ETF平安,2026-03-13
589160,科创芯片ETF广发,2026-03-13
589170,科创芯片设计ETF鹏华,2026-03-13
589180,科创新材料ETF汇添富,2026-03-13
589183,科创新材料ETF汇添富,2026-03-13
589190,科创芯片ETF华宝,2026-03-13
589200,科创200ETF工银,2026-03-13
589210,科创芯片设计ETF广发,2026-03-13
589220,科创200ETF国泰,2026-03-13
589230,科创人工智能ETF南方,2026-03-13
589300,科创综指ETF嘉实,2026-03-13
589380,科创AIETF富国,2026-03-13
589500,科创综指ETF工银,2026-03-13
589520,科创人工智能ETF华宝,2026-03-13
589550,科创价值ETF华夏,2026-03-13
589560,科创人工智能ETF汇添富,2026-03-13
589580,科创综指ETF兴银,2026-03-13
589600,科创综指ETF富国,2026-03-13
589630,科创综指ETF国泰,2026-03-13
589660,科创综指ETF南方,2026-03-13
589680,科创综指ETF鹏华,2026-03-13
589700,科创成长ETF南方,2026-03-13
589720,科创创新药ETF国泰,2026-03-13
589770,科创综指ETF招商,2026-03-13
589780,科创200ETF富国,2026-03-13
589800,科创综指ETF易方达,2026-03-13
589820,科创200ETF建信,2026-03-13
589850,科创50ETF东财,2026-03-13
589860,科创综指ETF天弘,2026-03-13
589880,科创综指ETF建信,2026-03-13
589890,科创综指ETF景顺,2026-03-13
589900,科创综指ETF博时,2026-03-13
589950,科创100ETF富国,2026-03-13
589960,科创新能源ETF易方达,2026-03-13
589980,科创100ETF汇添富,2026-03-13
589990,科创综指ETF华泰柏瑞,2026-03-13
600000,浦发银行,2026-03-13
600001,邯郸钢铁,2026-03-13
600002,齐鲁石化,2026-03-13
600003,ST东北高,2026-03-13
600004,白云机场,2026-03-13
600005,武钢股份,2026-03-13
600006,东风股份,2026-03-13
600007,中国国贸,2026-03-13
600008,首创环保,2026-03-13
600009,上海机场,2026-03-13
600010,包钢股份,2026-03-13
600011,华能国际,2026-03-13
600012,皖通高速,2026-03-13
600015,华夏银行,2026-03-13
600016,民生银行,2026-03-13
600017,日照港,2026-03-13
600018,上港集团,2026-03-13
600019,宝钢股份,2026-03-13
600020,中原高速,2026-03-13
600021,上海电力,2026-03-13
600022,山东钢铁,2026-03-13
600023,浙能电力,2026-03-13
600025,华能水电,2026-03-13
600026,中远海能,2026-03-13
600027,华电国际,2026-03-13
600028,中国石化,2026-03-13
600029,南方航空,2026-03-13
600030,中信证券,2026-03-13
600031,三一重工,2026-03-13
600032,浙江新能,2026-03-13
600033,福建高速,2026-03-13
600035,楚天高速,2026-03-13
600036,招商银行,2026-03-13
600037,歌华有线,2026-03-13
600038,中直股份,2026-03-13
600039,四川路桥,2026-03-13
600048,保利发展,2026-03-13
600050,中国联通,2026-03-13
600051,宁波联合,2026-03-13
600052,东望时代,2026-03-13
600053,九鼎投资,2026-03-13
600054,黄山旅游,2026-03-13
600055,万东医疗,2026-03-13
600056,中国医药,2026-03-13
600057,厦门象屿,2026-03-13
600058,五矿发展,2026-03-13
600059,古越龙山,2026-03-13
600060,海信视像,2026-03-13
600061,国投资本,2026-03-13
600062,华润双鹤,2026-03-13
600063,皖维高新,2026-03-13
600064,南京高科,2026-03-13
600065,*ST联谊,2026-03-13
600066,宇通客车,2026-03-13
600067,冠城新材,2026-03-13
600068,葛洲坝,2026-03-13
600069,退市银鸽,2026-03-13
600070,*ST富润,2026-03-13
600071,凤凰光学,2026-03-13
600072,中船科技,2026-03-13
600073,光明肉业,2026-03-13
600074,退市保千,2026-03-13
600075,新疆天业,2026-03-13
600076,康欣新材,2026-03-13
600077,*ST宋都,2026-03-13
600078,澄星股份,2026-03-13
600079,ST人福,2026-03-13
600080,金花股份,2026-03-13
600081,东风科技,2026-03-13
600082,海泰发展,2026-03-13
600083,*ST博信,2026-03-13
600084,中信尼雅,2026-03-13
600085,同仁堂,2026-03-13
600086,退市金钰,2026-03-13
600087,退市长油,2026-03-13
600088,中视传媒,2026-03-13
600089,特变电工,2026-03-13
600090,退市济堂,2026-03-13
600091,退市明科,2026-03-13
600092,S*ST精密,2026-03-13
600093,退市易见,2026-03-13
600094,大名城,2026-03-13
600095,湘财股份,2026-03-13
600096,云天化,2026-03-13
600097,开创国际,2026-03-13
600098,广州发展,2026-03-13
600099,林海股份,2026-03-13
600100,同方股份,2026-03-13
600101,明星电力,2026-03-13
600102,莱钢股份,2026-03-13
600103,青山纸业,2026-03-13
600104,上汽集团,2026-03-13
600105,永鼎股份,2026-03-13
600106,重庆路桥,2026-03-13
600107,ST尔雅,2026-03-13
600108,亚盛集团,2026-03-13
600109,国金证券,2026-03-13
600110,诺德股份,2026-03-13
600111,北方稀土,2026-03-13
600112,*ST天成,2026-03-13
600113,浙江东日,2026-03-13
600114,东睦股份,2026-03-13
600115,中国东航,2026-03-13
600116,三峡水利,2026-03-13
600117,西宁特钢,2026-03-13
600118,中国卫星,2026-03-13
600119,长江投资,2026-03-13
600120,浙江东方,2026-03-13
600121,郑州煤电,2026-03-13
600122,*ST宏图,2026-03-13
600123,兰花科创,2026-03-13
600125,铁龙物流,2026-03-13
600126,杭钢股份,2026-03-13
600127,金健米业,2026-03-13
600128,苏豪弘业,2026-03-13
600129,太极集团,2026-03-13
600130,*ST波导,2026-03-13
600131,国网信通,2026-03-13
600132,重庆啤酒,2026-03-13
600133,东湖高新,2026-03-13
600135,乐凯胶片,2026-03-13
600136,ST明诚,2026-03-13
600137,浪莎股份,2026-03-13
600138,中青旅,2026-03-13
600139,*ST西源,2026-03-13
600141,兴发集团,2026-03-13
600143,金发科技,2026-03-13
600145,退市新亿,2026-03-13
600146,退市环球,2026-03-13
600148,长春一东,2026-03-13
600149,廊坊发展,2026-03-13
600150,中国船舶,2026-03-13
600151,航天机电,2026-03-13
600152,维科技术,2026-03-13
600153,建发股份,2026-03-13
600155,华创云信,2026-03-13
600156,华升股份,2026-03-13
600157,永泰能源,2026-03-13
600158,中体产业,2026-03-13
600159,大龙地产,2026-03-13
600160,巨化股份,2026-03-13
600161,天坛生物,2026-03-13
600162,香江控股,2026-03-13
600163,中闽能源,2026-03-13
600165,ST宁科,2026-03-13
600166,福田汽车,2026-03-13
600167,联美控股,2026-03-13
600168,武汉控股,2026-03-13
600169,ST太重,2026-03-13
600170,上海建工,2026-03-13
600171,上海贝岭,2026-03-13
600172,黄河旋风,2026-03-13
600173,卧龙新能,2026-03-13
600175,退市美都,2026-03-13
600176,中国巨石,2026-03-13
600177,雅戈尔,2026-03-13
600178,东安动力,2026-03-13
600179,安通控股,2026-03-13
600180,瑞茂通,2026-03-13
600181,S*ST云大,2026-03-13
600182,S佳通,2026-03-13
600183,生益科技,2026-03-13
600184,光电股份,2026-03-13
600185,珠免集团,2026-03-13
600186,莲花控股,2026-03-13
600187,国中水务,2026-03-13
600188,兖矿能源,2026-03-13
600189,泉阳泉,2026-03-13
600190,退市锦港,2026-03-13
600191,华资实业,2026-03-13
600192,长城电工,2026-03-13
600193,*ST创兴,2026-03-13
600195,中牧股份,2026-03-13
600196,复星医药,2026-03-13
600197,伊力特,2026-03-13
600198,大唐电信,2026-03-13
600199,金种子酒,2026-03-13
600200,退市苏吴,2026-03-13
600201,生物股份,2026-03-13
600202,哈空调,2026-03-13
600203,福日电子,2026-03-13
600205,S山东铝,2026-03-13
600206,有研新材,2026-03-13
600207,安彩高科,2026-03-13
600208,衢州发展,2026-03-13
600209,退市罗顿,2026-03-13
600210,紫江企业,2026-03-13
600211,西藏药业,2026-03-13
600212,绿能慧充,2026-03-13
600213,*ST亚星,2026-03-13
600215,派斯林,2026-03-13
600216,浙江医药,2026-03-13
600217,中再资环,2026-03-13
600218,全柴动力,2026-03-13
600219,南山铝业,2026-03-13
600220,ST阳光,2026-03-13
600221,海航控股,2026-03-13
600222,太龙药业,2026-03-13
600223,福瑞达,2026-03-13
600225,退市卓朗,2026-03-13
600226,亨通股份,2026-03-13
600227,赤天化,2026-03-13
600228,*ST返利,2026-03-13
600229,城市传媒,2026-03-13
600230,沧州大化,2026-03-13
600231,凌钢股份,2026-03-13
600232,金鹰股份,2026-03-13
600233,圆通速递,2026-03-13
600234,科新发展,2026-03-13
600235,民丰特纸,2026-03-13
600236,桂冠电力,2026-03-13
600237,铜峰电子,2026-03-13
600238,*ST椰岛,2026-03-13
600239,云南城投,2026-03-13
600240,退市华业,2026-03-13
600241,时代万恒,2026-03-13
600242,退市中昌,2026-03-13
600243,*ST海华,2026-03-13
600246,万通发展,2026-03-13
600247,*ST成城,2026-03-13
600248,陕建股份,2026-03-13
600249,两面针,2026-03-13
600250,南京商旅,2026-03-13
600251,冠农股份,2026-03-13
600252,中恒集团,2026-03-13
600253,天方药业,2026-03-13
600255,鑫科材料,2026-03-13
600256,广汇能源,2026-03-13
600257,大湖股份,2026-03-13
600258,首旅酒店,2026-03-13
600259,中稀有色,2026-03-13
600260,*ST凯乐,2026-03-13
600261,阳光照明,2026-03-13
600262,北方股份,2026-03-13
600263,路桥建设,2026-03-13
600265,ST景谷,2026-03-13
600266,城建发展,2026-03-13
600267,海正药业,2026-03-13
600268,国电南自,2026-03-13
600269,赣粤高速,2026-03-13
600270,外运发展,2026-03-13
600271,航天信息,2026-03-13
600272,开开实业,2026-03-13
600273,嘉化能源,2026-03-13
600275,退市昌鱼,2026-03-13
600276,恒瑞医药,2026-03-13
600277,ST亿利,2026-03-13
600278,东方创业,2026-03-13
600279,重庆港,2026-03-13
600280,中央商场,2026-03-13
600281,华阳新材,2026-03-13
600282,南钢股份,2026-03-13
600283,钱江水利,2026-03-13
600284,浦东建设,2026-03-13
600285,羚锐制药,2026-03-13
600286,S*ST国瓷,2026-03-13
600287,苏豪时尚,2026-03-13
600288,大恒科技,2026-03-13
600289,ST信通,2026-03-13
600290,*ST华仪,2026-03-13
600291,退市西水,2026-03-13
600292,电投水电,2026-03-13
600293,三峡新材,2026-03-13
600295,鄂尔多斯,2026-03-13
600296,S兰铝,2026-03-13
600297,广汇汽车,2026-03-13
600298,安琪酵母,2026-03-13
600299,安迪苏,2026-03-13
600300,维维股份,2026-03-13
600301,华锡有色,2026-03-13
600302,标准股份,2026-03-13
600303,曙光股份,2026-03-13
600305,恒顺醋业,2026-03-13
600306,退市商城,2026-03-13
600307,酒钢宏兴,2026-03-13
600308,华泰股份,2026-03-13
600309,万华化学,2026-03-13
600310,广西能源,2026-03-13
600311,*ST荣华,2026-03-13
600312,平高电气,2026-03-13
600313,农发种业,2026-03-13
600315,上海家化,2026-03-13
600316,洪都航空,2026-03-13
600317,营口港,2026-03-13
600318,新力金融,2026-03-13
600319,亚星化学,2026-03-13
600320,振华重工,2026-03-13
600321,正源股份,2026-03-13
600322,津投城开,2026-03-13
600323,瀚蓝环境,2026-03-13
600325,华发股份,2026-03-13
600326,西藏天路,2026-03-13
600327,大东方,2026-03-13
600328,中盐化工,2026-03-13
600329,达仁堂,2026-03-13
600330,天通股份,2026-03-13
600331,宏达股份,2026-03-13
600332,白云山,2026-03-13
600333,长春燃气,2026-03-13
600335,国机汽车,2026-03-13
600336,澳柯玛,2026-03-13
600337,美克家居,2026-03-13
600338,西藏珠峰,2026-03-13
600339,中油工程,2026-03-13
600340,华夏幸福,2026-03-13
600343,航天动力,2026-03-13
600345,长江通信,2026-03-13
600346,恒力石化,2026-03-13
600348,华阳股份,2026-03-13
600350,山东高速,2026-03-13
600351,亚宝药业,2026-03-13
600352,浙江龙盛,2026-03-13
600353,旭光电子,2026-03-13
600354,敦煌种业,2026-03-13
600355,*ST精伦,2026-03-13
600356,恒丰纸业,2026-03-13
600357,承德钒钛,2026-03-13
600358,ST联合,2026-03-13
600359,新农开发,2026-03-13
600360,*ST华微,2026-03-13
600361,创新新材,2026-03-13
600362,江西铜业,2026-03-13
600363,联创光电,2026-03-13
600365,ST通葡,2026-03-13
600366,宁波韵升,2026-03-13
600367,红星发展,2026-03-13
600368,五洲交通,2026-03-13
600369,西南证券,2026-03-13
600370,三房巷,2026-03-13
600371,万向德农,2026-03-13
600372,中航机载,2026-03-13
600373,中文传媒,2026-03-13
600375,汉马科技,2026-03-13
600376,首开股份,2026-03-13
600377,宁沪高速,2026-03-13
600378,昊华科技,2026-03-13
600379,宝光股份,2026-03-13
600380,健康元,2026-03-13
600381,*ST春天,2026-03-13
600382,广东明珠,2026-03-13
600383,金地集团,2026-03-13
600385,退市金泰,2026-03-13
600386,北巴传媒,2026-03-13
600387,退市海越,2026-03-13
600388,龙净环保,2026-03-13
600389,江山股份,2026-03-13
600390,五矿资本,2026-03-13
600391,航发科技,2026-03-13
600392,盛和资源,2026-03-13
600393,ST粤泰,2026-03-13
600395,盘江股份,2026-03-13
600396,华电辽能,2026-03-13
600397,江钨装备,2026-03-13
600398,海澜之家,2026-03-13
600399,抚顺特钢,2026-03-13
600400,红豆股份,2026-03-13
600401,退市海润,2026-03-13
600403,大有能源,2026-03-13
600405,动力源,2026-03-13
600406,国电南瑞,2026-03-13
600408,安泰集团,2026-03-13
600409,三友化工,2026-03-13
600410,华胜天成,2026-03-13
600415,小商品城,2026-03-13
600416,湘电股份,2026-03-13
600418,江淮汽车,2026-03-13
600419,天润乳业,2026-03-13
600420,国药现代,2026-03-13
600421,*ST华嵘,2026-03-13
600422,昆药集团,2026-03-13
600423,柳化股份,2026-03-13
600425,青松建化,2026-03-13
600426,华鲁恒升,2026-03-13
600428,中远海特,2026-03-13
600429,三元股份,2026-03-13
600432,退市吉恩,2026-03-13
600433,冠豪高新,2026-03-13
600435,北方导航,2026-03-13
600436,片仔癀,2026-03-13
600438,通威股份,2026-03-13
600439,瑞贝卡,2026-03-13
600444,国机通用,2026-03-13
600446,金证股份,2026-03-13
600448,华纺股份,2026-03-13
600449,宁夏建材,2026-03-13
600452,涪陵电力,2026-03-13
600455,博通股份,2026-03-13
600456,宝钛股份,2026-03-13
600458,时代新材,2026-03-13
600459,贵研铂业,2026-03-13
600460,士兰微,2026-03-13
600461,洪城环境,2026-03-13
600462,退市九有,2026-03-13
600463,空港股份,2026-03-13
600466,*ST蓝光,2026-03-13
600467,好当家,2026-03-13
600468,百利电气,2026-03-13
600469,风神股份,2026-03-13
600470,六国化工,2026-03-13
600472,包头铝业,2026-03-13
600475,华光环能,2026-03-13
600476,湘邮科技,2026-03-13
600477,杭萧钢构,2026-03-13
600478,科力远,2026-03-13
600479,千金药业,2026-03-13
600480,凌云股份,2026-03-13
600481,双良节能,2026-03-13
600482,中国动力,2026-03-13
600483,福能股份,2026-03-13
600485,*ST信威,2026-03-13
600486,扬农化工,2026-03-13
600487,亨通光电,2026-03-13
600488,津药药业,2026-03-13
600489,中金黄金,2026-03-13
600490,鹏欣资源,2026-03-13
600491,龙元建设,2026-03-13
600493,凤竹纺织,2026-03-13
600495,晋西车轴,2026-03-13
600496,精工钢构,2026-03-13
600497,驰宏锌锗,2026-03-13
600498,烽火通信,2026-03-13
600499,科达制造,2026-03-13
600500,中化国际,2026-03-13
600501,航天晨光,2026-03-13
600502,安徽建工,2026-03-13
600503,华丽家族,2026-03-13
600505,西昌电力,2026-03-13
600506,统一股份,2026-03-13
600507,方大特钢,2026-03-13
600508,上海能源,2026-03-13
600509,天富能源,2026-03-13
600510,黑牡丹,2026-03-13
600511,国药股份,2026-03-13
600512,腾达建设,2026-03-13
600513,联环药业,2026-03-13
600515,海南机场,2026-03-13
600516,方大炭素,2026-03-13
600517,国网英大,2026-03-13
600518,康美药业,2026-03-13
600519,贵州茅台,2026-03-13
600520,三佳科技,2026-03-13
600521,华海药业,2026-03-13
600522,中天科技,2026-03-13
600523,贵航股份,2026-03-13
600525,ST长园,2026-03-13
600526,菲达环保,2026-03-13
600527,江南高纤,2026-03-13
600528,中铁工业,2026-03-13
600529,山东药玻,2026-03-13
600530,交大昂立,2026-03-13
600531,豫光金铅,2026-03-13
600532,退市未来,2026-03-13
600533,栖霞建设,2026-03-13
600535,天士力,2026-03-13
600536,中国软件,2026-03-13
600537,亿晶光电,2026-03-13
600538,国发股份,2026-03-13
600539,狮头股份,2026-03-13
600540,新赛股份,2026-03-13
600543,莫高股份,2026-03-13
600545,卓郎智能,2026-03-13
600546,山煤国际,2026-03-13
600547,山东黄金,2026-03-13
600548,深高速,2026-03-13
600549,厦门钨业,2026-03-13
600550,保变电气,2026-03-13
600551,时代出版,2026-03-13
600552,凯盛科技,2026-03-13
600553,太行水泥,2026-03-13
600555,退市海创,2026-03-13
600556,天下秀,2026-03-13
600557,康缘药业,2026-03-13
600558,大西洋,2026-03-13
600559,老白干酒,2026-03-13
600560,金自天正,2026-03-13
600561,江西长运,2026-03-13
600562,国睿科技,2026-03-13
600563,法拉电子,2026-03-13
600565,ST迪马,2026-03-13
600566,济川药业,2026-03-13
600567,山鹰国际,2026-03-13
600568,ST中珠,2026-03-13
600569,安阳钢铁,2026-03-13
600570,恒生电子,2026-03-13
600571,信雅达,2026-03-13
600572,康恩贝,2026-03-13
600573,惠泉啤酒,2026-03-13
600575,淮河能源,2026-03-13
600576,祥源文旅,2026-03-13
600577,精达股份,2026-03-13
600578,京能电力,2026-03-13
600579,中化装备,2026-03-13
600580,卧龙电驱,2026-03-13
600581,八一钢铁,2026-03-13
600582,天地科技,2026-03-13
600583,海油工程,2026-03-13
600584,长电科技,2026-03-13
600585,海螺水泥,2026-03-13
600586,金晶科技,2026-03-13
600587,新华医疗,2026-03-13
600588,用友网络,2026-03-13
600589,大位科技,2026-03-13
600590,泰豪科技,2026-03-13
600591,*ST上航,2026-03-13
600592,龙溪股份,2026-03-13
600593,大连圣亚,2026-03-13
600594,益佰制药,2026-03-13
600595,中孚实业,2026-03-13
600596,新安股份,2026-03-13
600597,光明乳业,2026-03-13
600598,北大荒,2026-03-13
600599,*ST熊猫,2026-03-13
600600,青岛啤酒,2026-03-13
600601,方正科技,2026-03-13
600602,云赛智联,2026-03-13
600603,广汇物流,2026-03-13
600604,市北高新,2026-03-13
600605,汇通能源,2026-03-13
600606,绿地控股,2026-03-13
600607,上实医药,2026-03-13
600608,*ST沪科,2026-03-13
600609,金杯汽车,2026-03-13
600610,中毅达,2026-03-13
600611,大众交通,2026-03-13
600612,老凤祥,2026-03-13
600613,神奇制药,2026-03-13
600614,退市鹏起,2026-03-13
600615,鑫源智造,2026-03-13
600616,金枫酒业,2026-03-13
600617,国新能源,2026-03-13
600618,氯碱化工,2026-03-13
600619,海立股份,2026-03-13
600620,天宸股份,2026-03-13
600621,华鑫股份,2026-03-13
600622,光大嘉宝,2026-03-13
600623,华谊集团,2026-03-13
600624,ST复华,2026-03-13
600625,PT水仙,2026-03-13
600626,申达股份,2026-03-13
600627,上电股份,2026-03-13
600628,新世界,2026-03-13
600629,华建集团,2026-03-13
600630,龙头股份,2026-03-13
600631,百联股份,2026-03-13
600632,华联商厦,2026-03-13
600633,浙数文化,2026-03-13
600634,退市富控,2026-03-13
600635,大众公用,2026-03-13
600636,*ST国化,2026-03-13
600637,东方明珠,2026-03-13
600638,新黄浦,2026-03-13
600639,浦东金桥,2026-03-13
600640,国脉文化,2026-03-13
600641,先导基电,2026-03-13
600642,申能股份,2026-03-13
600643,爱建集团,2026-03-13
600644,乐山电力,2026-03-13
600645,中源协和,2026-03-13
600646,ST国嘉,2026-03-13
600647,退市同达,2026-03-13
600648,外高桥,2026-03-13
600649,城投控股,2026-03-13
600650,锦江在线,2026-03-13
600651,飞乐音响,2026-03-13
600652,退市游久,2026-03-13
600653,申华控股,2026-03-13
600654,中安科,2026-03-13
600655,豫园股份,2026-03-13
600656,退市博元,2026-03-13
600657,信达地产,2026-03-13
600658,电子城,2026-03-13
600659,*ST花雕,2026-03-13
600660,福耀玻璃,2026-03-13
600661,昂立教育,2026-03-13
600662,外服控股,2026-03-13
600663,陆家嘴,2026-03-13
600664,哈药股份,2026-03-13
600665,天地源,2026-03-13
600666,奥瑞德,2026-03-13
600667,太极实业,2026-03-13
600668,尖峰集团,2026-03-13
600669,*ST鞍成,2026-03-13
600670,*ST斯达,2026-03-13
600671,天目药业,2026-03-13
600672,*ST华圣,2026-03-13
600673,东阳光,2026-03-13
600674,川投能源,2026-03-13
600675,中华企业,2026-03-13
600676,交运股份,2026-03-13
600677,*ST航通,2026-03-13
600678,四川金顶,2026-03-13
600679,上海凤凰,2026-03-13
600680,*ST上普,2026-03-13
600681,百川能源,2026-03-13
600682,南京新百,2026-03-13
600683,京投发展,2026-03-13
600684,珠江股份,2026-03-13
600685,中船防务,2026-03-13
600686,金龙汽车,2026-03-13
600687,退市刚泰,2026-03-13
600688,上海石化,2026-03-13
600689,上海三毛,2026-03-13
600690,海尔智家,2026-03-13
600691,潞化科技,2026-03-13
600692,亚通股份,2026-03-13
600693,东百集团,2026-03-13
600694,大商股份,2026-03-13
600695,退市绿庭,2026-03-13
600696,*ST岩石,2026-03-13
600697,欧亚集团,2026-03-13
600698,湖南天雁,2026-03-13
600699,均胜电子,2026-03-13
600700,*ST数码,2026-03-13
600701,退市工新,2026-03-13
600702,舍得酒业,2026-03-13
600703,三安光电,2026-03-13
600704,物产中大,2026-03-13
600705,中航产融,2026-03-13
600706,曲江文旅,2026-03-13
600707,彩虹股份,2026-03-13
600708,光明地产,2026-03-13
600709,ST生态,2026-03-13
600710,苏美达,2026-03-13
600711,盛屯矿业,2026-03-13
600712,南宁百货,2026-03-13
600713,南京医药,2026-03-13
600714,金瑞矿业,2026-03-13
600715,文投控股,2026-03-13
600716,凤凰股份,2026-03-13
600717,天津港,2026-03-13
600718,东软集团,2026-03-13
600719,大连热电,2026-03-13
600720,中交设计,2026-03-13
600721,百花医药,2026-03-13
600722,金牛化工,2026-03-13
600723,首商股份,2026-03-13
600724,宁波富达,2026-03-13
600725,云维股份,2026-03-13
600726,华电能源,2026-03-13
600727,鲁北化工,2026-03-13
600728,佳都科技,2026-03-13
600729,重庆百货,2026-03-13
600730,中国高科,2026-03-13
600731,湖南海利,2026-03-13
600732,爱旭股份,2026-03-13
600733,北汽蓝谷,2026-03-13
600734,实达集团,2026-03-13
600735,ST新华锦,2026-03-13
600736,苏州高新,2026-03-13
600737,中粮糖业,2026-03-13
600738,丽尚国潮,2026-03-13
600739,辽宁成大,2026-03-13
600740,山西焦化,2026-03-13
600741,华域汽车,2026-03-13
600742,富维股份,2026-03-13
600743,华远控股,2026-03-13
600744,华银电力,2026-03-13
600745,闻泰科技,2026-03-13
600746,江苏索普,2026-03-13
600747,退市大控,2026-03-13
600748,上实发展,2026-03-13
600749,西藏旅游,2026-03-13
600750,华润江中,2026-03-13
600751,海航科技,2026-03-13
600752,*ST哈慈,2026-03-13
600753,*ST海钦,2026-03-13
600754,锦江酒店,2026-03-13
600755,厦门国贸,2026-03-13
600756,浪潮软件,2026-03-13
600757,长江传媒,2026-03-13
600758,辽宁能源,2026-03-13
600759,洲际油气,2026-03-13
600760,中航沈飞,2026-03-13
600761,安徽合力,2026-03-13
600762,S*ST金荔,2026-03-13
600763,通策医疗,2026-03-13
600764,中国海防,2026-03-13
600765,中航重机,2026-03-13
600766,退市园城,2026-03-13
600767,退市运盛,2026-03-13
600768,宁波富邦,2026-03-13
600769,祥龙电业,2026-03-13
600770,综艺股份,2026-03-13
600771,广誉远,2026-03-13
600772,S*ST龙昌,2026-03-13
600773,西藏城投,2026-03-13
600774,汉商集团,2026-03-13
600775,南京熊猫,2026-03-13
600776,东方通信,2026-03-13
600777,*ST新潮,2026-03-13
600778,友好集团,2026-03-13
600779,水井坊,2026-03-13
600780,通宝能源,2026-03-13
600781,退市辅仁,2026-03-13
600782,新钢股份,2026-03-13
600783,鲁信创投,2026-03-13
600784,鲁银投资,2026-03-13
600785,新华百货,2026-03-13
600786,东方锅炉,2026-03-13
600787,中储股份,2026-03-13
600788,*ST达曼,2026-03-13
600789,鲁抗医药,2026-03-13
600790,轻纺城,2026-03-13
600791,京能置业,2026-03-13
600792,云煤能源,2026-03-13
600793,宜宾纸业,2026-03-13
600794,保税科技,2026-03-13
600795,国电电力,2026-03-13
600796,钱江生化,2026-03-13
600797,浙大网新,2026-03-13
600798,宁波海运,2026-03-13
600799,*ST龙科,2026-03-13
600800,渤海化学,2026-03-13
600801,华新建材,2026-03-13
600802,福建水泥,2026-03-13
600803,新奥股份,2026-03-13
600804,退市鹏博,2026-03-13
600805,悦达投资,2026-03-13
600806,退市昆机,2026-03-13
600807,济高发展,2026-03-13
600808,马钢股份,2026-03-13
600809,山西汾酒,2026-03-13
600810,神马股份,2026-03-13
600811,*ST东方,2026-03-13
600812,华北制药,2026-03-13
600813,ST鞍一工,2026-03-13
600814,杭州解百,2026-03-13
600815,厦工股份,2026-03-13
600816,建元信托,2026-03-13
600817,宇通重工,2026-03-13
600818,中路股份,2026-03-13
600819,耀皮玻璃,2026-03-13
600820,隧道股份,2026-03-13
600821,金开新能,2026-03-13
600822,上海物贸,2026-03-13
600823,*ST世茂,2026-03-13
600824,益民集团,2026-03-13
600825,新华传媒,2026-03-13
600826,兰生股份,2026-03-13
600827,百联股份,2026-03-13
600828,茂业商业,2026-03-13
600829,人民同泰,2026-03-13
600830,香溢融通,2026-03-13
600831,广电网络,2026-03-13
600832,东方明珠,2026-03-13
600833,第一医药,2026-03-13
600834,申通地铁,2026-03-13
600835,上海机电,2026-03-13
600836,*ST易连,2026-03-13
600837,海通证券,2026-03-13
600838,上海九百,2026-03-13
600839,四川长虹,2026-03-13
600840,新湖创业,2026-03-13
600841,动力新科,2026-03-13
600842,中西药业,2026-03-13
600843,上工申贝,2026-03-13
600844,金煤科技,2026-03-13
600845,宝信软件,2026-03-13
600846,同济科技,2026-03-13
600847,万里股份,2026-03-13
600848,上海临港,2026-03-13
600849,上药转换,2026-03-13
600850,电科数字,2026-03-13
600851,海欣股份,2026-03-13
600852,*ST中川,2026-03-13
600853,龙建股份,2026-03-13
600854,春兰股份,2026-03-13
600855,航天长峰,2026-03-13
600856,退市中天,2026-03-13
600857,宁波中百,2026-03-13
600858,银座股份,2026-03-13
600859,王府井,2026-03-13
600860,京城股份,2026-03-13
600861,北京人力,2026-03-13
600862,中航高科,2026-03-13
600863,华能蒙电,2026-03-13
600864,哈投股份,2026-03-13
600865,百大集团,2026-03-13
600866,星湖科技,2026-03-13
600867,通化东宝,2026-03-13
600868,梅雁吉祥,2026-03-13
600869,远东股份,2026-03-13
600870,退市厦华,2026-03-13
600871,石化油服,2026-03-13
600872,中炬高新,2026-03-13
600873,梅花生物,2026-03-13
600874,创业环保,2026-03-13
600875,东方电气,2026-03-13
600876,凯盛新能,2026-03-13
600877,电科芯片,2026-03-13
600878,*ST北科,2026-03-13
600879,航天电子,2026-03-13
600880,博瑞传播,2026-03-13
600881,亚泰集团,2026-03-13
600882,妙可蓝多,2026-03-13
600883,博闻科技,2026-03-13
600884,杉杉股份,2026-03-13
600885,宏发股份,2026-03-13
600886,国投电力,2026-03-13
600887,伊利股份,2026-03-13
600888,新疆众和,2026-03-13
600889,南京化纤,2026-03-13
600890,退市中房,2026-03-13
600891,退市秋林,2026-03-13
600892,*ST大晟,2026-03-13
600893,航发动力,2026-03-13
600894,广日股份,2026-03-13
600895,张江高科,2026-03-13
600896,退市海医,2026-03-13
600897,厦门空港,2026-03-13
600898,*ST美讯,2026-03-13
600899,*ST信联,2026-03-13
600900,长江电力,2026-03-13
600901,江苏金租,2026-03-13
600903,贵州燃气,2026-03-13
600905,三峡能源,2026-03-13
600906,财达证券,2026-03-13
600908,无锡银行,2026-03-13
600909,华安证券,2026-03-13
600916,中国黄金,2026-03-13
600917,重庆燃气,2026-03-13
600918,中泰证券,2026-03-13
600919,江苏银行,2026-03-13
600925,苏能股份,2026-03-13
600926,杭州银行,2026-03-13
600927,永安期货,2026-03-13
600928,西安银行,2026-03-13
600929,雪天盐业,2026-03-13
600930,华电新能,2026-03-13
600933,爱柯迪,2026-03-13
600935,华塑股份,2026-03-13
600936,北投科技,2026-03-13
600938,中国海油,2026-03-13
600939,重庆建工,2026-03-13
600941,中国移动,2026-03-13
600955,维远股份,2026-03-13
600956,新天绿能,2026-03-13
600958,东方证券,2026-03-13
600959,江苏有线,2026-03-13
600960,渤海汽车,2026-03-13
600961,株冶集团,2026-03-13
600962,国投中鲁,2026-03-13
600963,岳阳林纸,2026-03-13
600965,福成股份,2026-03-13
600966,博汇纸业,2026-03-13
600967,内蒙一机,2026-03-13
600968,海油发展,2026-03-13
600969,郴电国际,2026-03-13
600970,中材国际,2026-03-13
600971,恒源煤电,2026-03-13
600973,宝胜股份,2026-03-13
600975,新五丰,2026-03-13
600976,健民集团,2026-03-13
600977,中国电影,2026-03-13
600978,*ST宜生,2026-03-13
600979,广安爱众,2026-03-13
600980,北矿科技,2026-03-13
600981,苏豪汇鸿,2026-03-13
600982,宁波能源,2026-03-13
600983,惠而浦,2026-03-13
600984,建设机械,2026-03-13
600985,淮北矿业,2026-03-13
600986,浙文互联,2026-03-13
600987,航民股份,2026-03-13
600988,赤峰黄金,2026-03-13
600989,宝丰能源,2026-03-13
600990,四创电子,2026-03-13
600991,广汽长丰,2026-03-13
600992,贵绳股份,2026-03-13
600993,马应龙,2026-03-13
600995,南网储能,2026-03-13
600996,贵广网络,2026-03-13
600997,开滦股份,2026-03-13
600998,九州通,2026-03-13
600999,招商证券,2026-03-13
601000,唐山港,2026-03-13
601001,晋控煤业,2026-03-13
601002,晋亿实业,2026-03-13
601003,柳钢股份,2026-03-13
601005,重庆钢铁,2026-03-13
601006,大秦铁路,2026-03-13
601007,金陵饭店,2026-03-13
601008,连云港,2026-03-13
601009,南京银行,2026-03-13
601010,文峰股份,2026-03-13
601011,宝泰隆,2026-03-13
601012,隆基绿能,2026-03-13
601015,陕西黑猫,2026-03-13
601016,节能风电,2026-03-13
601018,宁波港,2026-03-13
601019,山东出版,2026-03-13
601020,华钰矿业,2026-03-13
601021,春秋航空,2026-03-13
601022,宁波远洋,2026-03-13
601026,道生天合,2026-03-13
601028,玉龙股份,2026-03-13
601033,永兴股份,2026-03-13
601038,一拖股份,2026-03-13
601058,赛轮轮胎,2026-03-13
601059,信达证券,2026-03-13
601061,中信金属,2026-03-13
601065,江盐集团,2026-03-13
601066,中信建投,2026-03-13
601068,中铝国际,2026-03-13
601069,西部黄金,2026-03-13
601077,渝农商行,2026-03-13
601083,锦江航运,2026-03-13
601086,国芳集团,2026-03-13
601088,中国神华,2026-03-13
601089,福元医药,2026-03-13
601096,宏盛华源,2026-03-13
601098,中南传媒,2026-03-13
601099,太平洋,2026-03-13
601100,恒立液压,2026-03-13
601101,昊华能源,2026-03-13
601106,中国一重,2026-03-13
601107,四川成渝,2026-03-13
601108,财通证券,2026-03-13
601111,中国国航,2026-03-13
601112,振石股份,2026-03-13
601113,华鼎股份,2026-03-13
601116,三江购物,2026-03-13
601117,中国化学,2026-03-13
601118,海南橡胶,2026-03-13
601121,宝地矿业,2026-03-13
601126,四方股份,2026-03-13
601127,赛力斯,2026-03-13
601128,常熟银行,2026-03-13
601133,柏诚股份,2026-03-13
601136,首创证券,2026-03-13
601137,博威合金,2026-03-13
601138,工业富联,2026-03-13
601139,深圳燃气,2026-03-13
601155,新城控股,2026-03-13
601156,东航物流,2026-03-13
601158,重庆水务,2026-03-13
601162,天风证券,2026-03-13
601163,三角轮胎,2026-03-13
601166,兴业银行,2026-03-13
601168,西部矿业,2026-03-13
601169,北京银行,2026-03-13
601177,杭齿前进,2026-03-13
601179,中国西电,2026-03-13
601186,中国铁建,2026-03-13
601187,厦门银行,2026-03-13
601188,龙江交通,2026-03-13
601198,东兴证券,2026-03-13
601199,江南水务,2026-03-13
601200,上海环境,2026-03-13
601208,东材科技,2026-03-13
601211,国泰海通,2026-03-13
601212,白银有色,2026-03-13
601216,君正集团,2026-03-13
601218,吉鑫科技,2026-03-13
601222,林洋能源,2026-03-13
601225,陕西煤业,2026-03-13
601226,华电科工,2026-03-13
601228,广州港,2026-03-13
601229,上海银行,2026-03-13
601231,环旭电子,2026-03-13
601233,桐昆股份,2026-03-13
601236,红塔证券,2026-03-13
601238,广汽集团,2026-03-13
601258,*ST庞大,2026-03-13
601268,*ST二重,2026-03-13
601279,英利汽车,2026-03-13
601288,农业银行,2026-03-13
601298,青岛港,2026-03-13
601299,中国北车,2026-03-13
601311,骆驼股份,2026-03-13
601318,中国平安,2026-03-13
601319,中国人保,2026-03-13
601326,秦港股份,2026-03-13
601328,交通银行,2026-03-13
601330,绿色动力,2026-03-13
601333,广深铁路,2026-03-13
601336,新华保险,2026-03-13
601339,百隆东方,2026-03-13
601360,三六零,2026-03-13
601366,利群股份,2026-03-13
601368,绿城水务,2026-03-13
601369,陕鼓动力,2026-03-13
601375,中原证券,2026-03-13
601377,兴业证券,2026-03-13
601388,怡球资源,2026-03-13
601390,中国中铁,2026-03-13
601398,工商银行,2026-03-13
601399,国机重装,2026-03-13
601456,国联民生,2026-03-13
601500,通用股份,2026-03-13
601512,中新集团,2026-03-13
601515,衢州东峰,2026-03-13
601518,吉林高速,2026-03-13
601519,大智慧,2026-03-13
601528,瑞丰银行,2026-03-13
601555,东吴证券,2026-03-13
601558,退市锐电,2026-03-13
601566,九牧王,2026-03-13
601567,三星医疗,2026-03-13
601568,北元集团,2026-03-13
601577,长沙银行,2026-03-13
601579,会稽山,2026-03-13
601588,北辰实业,2026-03-13
601595,上海电影,2026-03-13
601598,中国外运,2026-03-13
601599,浙文影业,2026-03-13
601600,中国铝业,2026-03-13
601601,中国太保,2026-03-13
601606,长城军工,2026-03-13
601607,上海医药,2026-03-13
601608,中信重工,2026-03-13
601609,金田股份,2026-03-13
601611,中国核建,2026-03-13
601615,明阳智能,2026-03-13
601616,广电电气,2026-03-13
601618,中国中冶,2026-03-13
601619,嘉泽新能,2026-03-13
601628,中国人寿,2026-03-13
601633,长城汽车,2026-03-13
601636,旗滨集团,2026-03-13
601658,邮储银行,2026-03-13
601665,齐鲁银行,2026-03-13
601666,平煤股份,2026-03-13
601668,中国建筑,2026-03-13
601669,中国电建,2026-03-13
601677,明泰铝业,2026-03-13
601678,滨化股份,2026-03-13
601686,友发集团,2026-03-13
601688,华泰证券,2026-03-13
601689,拓普集团,2026-03-13
601696,中银证券,2026-03-13
601698,中国卫通,2026-03-13
601699,潞安环能,2026-03-13
601700,风范股份,2026-03-13
601702,华峰铝业,2026-03-13
601717,中创智领,2026-03-13
601718,际华集团,2026-03-13
601727,上海电气,2026-03-13
601728,中国电信,2026-03-13
601766,中国中车,2026-03-13
601777,千里科技,2026-03-13
601778,晶科科技,2026-03-13
601788,光大证券,2026-03-13
601789,宁波建工,2026-03-13
601798,蓝科高新,2026-03-13
601799,星宇股份,2026-03-13
601800,中国交建,2026-03-13
601801,皖新传媒,2026-03-13
601808,中海油服,2026-03-13
601811,新华文轩,2026-03-13
601816,京沪高铁,2026-03-13
601818,光大银行,2026-03-13
601825,沪农商行,2026-03-13
601827,三峰环境,2026-03-13
601828,美凯龙,2026-03-13
601838,成都银行,2026-03-13
601857,中国石油,2026-03-13
601858,中国科传,2026-03-13
601860,紫金银行,2026-03-13
601865,福莱特,2026-03-13
601866,中远海发,2026-03-13
601868,中国能建,2026-03-13
601869,长飞光纤,2026-03-13
601872,招商轮船,2026-03-13
601877,正泰电器,2026-03-13
601878,浙商证券,2026-03-13
601880,辽港股份,2026-03-13
601881,中国银河,2026-03-13
601882,海天精工,2026-03-13
601886,江河集团,2026-03-13
601888,中国中免,2026-03-13
601890,亚星锚链,2026-03-13
601898,中煤能源,2026-03-13
601899,紫金矿业,2026-03-13
601900,南方传媒,2026-03-13
601901,方正证券,2026-03-13
601908,京运通,2026-03-13
601916,浙商银行,2026-03-13
601918,新集能源,2026-03-13
601919,中远海控,2026-03-13
601921,浙版传媒,2026-03-13
601928,凤凰传媒,2026-03-13
601929,吉视传媒,2026-03-13
601933,永辉超市,2026-03-13
601939,建设银行,2026-03-13
601949,中国出版,2026-03-13
601952,苏垦农发,2026-03-13
601956,东贝集团,2026-03-13
601958,金钼股份,2026-03-13
601963,重庆银行,2026-03-13
601965,中国汽研,2026-03-13
601966,玲珑轮胎,2026-03-13
601968,宝钢包装,2026-03-13
601969,海南矿业,2026-03-13
601975,招商南油,2026-03-13
601985,中国核电,2026-03-13
601988,中国银行,2026-03-13
601989,中国重工,2026-03-13
601990,南京证券,2026-03-13
601991,大唐发电,2026-03-13
601992,金隅集团,2026-03-13
601995,中金公司,2026-03-13
601996,丰林集团,2026-03-13
601997,贵阳银行,2026-03-13
601998,中信银行,2026-03-13
601999,出版传媒,2026-03-13
603000,人民网,2026-03-13
603001,奥康国际,2026-03-13
603002,宏昌电子,2026-03-13
603003,退市龙宇,2026-03-13
603004,鼎龙科技,2026-03-13
603005,晶方科技,2026-03-13
603006,联明股份,2026-03-13
603007,*ST花王,2026-03-13
603008,喜临门,2026-03-13
603009,北特科技,2026-03-13
603010,万盛股份,2026-03-13
603011,合锻智能,2026-03-13
603012,创力集团,2026-03-13
603013,亚普股份,2026-03-13
603014,威高血净,2026-03-13
603015,弘讯科技,2026-03-13
603016,新宏泰,2026-03-13
603017,中衡设计,2026-03-13
603018,华设集团,2026-03-13
603019,中科曙光,2026-03-13
603020,爱普股份,2026-03-13
603021,ST华鹏,2026-03-13
603022,新通联,2026-03-13
603023,威帝股份,2026-03-13
603025,大豪科技,2026-03-13
603026,石大胜华,2026-03-13
603027,千禾味业,2026-03-13
603028,赛福天,2026-03-13
603029,天鹅股份,2026-03-13
603030,全筑股份,2026-03-13
603031,安孚科技,2026-03-13
603032,德新科技,2026-03-13
603033,三维股份,2026-03-13
603035,常熟汽饰,2026-03-13
603036,如通股份,2026-03-13
603037,凯众股份,2026-03-13
603038,华立股份,2026-03-13
603039,泛微网络,2026-03-13
603040,新坐标,2026-03-13
603041,美思德,2026-03-13
603042,华脉科技,2026-03-13
603043,广州酒家,2026-03-13
603045,福达合金,2026-03-13
603048,浙江黎明,2026-03-13
603049,中策橡胶,2026-03-13
603050,科林电气,2026-03-13
603051,鹿山新材,2026-03-13
603052,可川科技,2026-03-13
603053,成都燃气,2026-03-13
603055,台华新材,2026-03-13
603056,德邦股份,2026-03-13
603057,紫燕食品,2026-03-13
603058,永吉股份,2026-03-13
603059,倍加洁,2026-03-13
603060,国检集团,2026-03-13
603061,金海通,2026-03-13
603062,麦加芯彩,2026-03-13
603063,禾望电气,2026-03-13
603065,宿迁联盛,2026-03-13
603066,音飞储存,2026-03-13
603067,振华股份,2026-03-13
603068,博通集成,2026-03-13
603069,海汽集团,2026-03-13
603070,万控智造,2026-03-13
603071,物产环能,2026-03-13
603072,天和磁材,2026-03-13
603073,彩蝶实业,2026-03-13
603075,热威股份,2026-03-13
603076,乐惠国际,2026-03-13
603077,和邦生物,2026-03-13
603078,江化微,2026-03-13
603079,圣达生物,2026-03-13
603080,新疆火炬,2026-03-13
603081,大丰实业,2026-03-13
603082,北自科技,2026-03-13
603083,剑桥科技,2026-03-13
603085,天成自控,2026-03-13
603086,先达股份,2026-03-13
603087,甘李药业,2026-03-13
603088,宁波精达,2026-03-13
603089,正裕工业,2026-03-13
603090,宏盛股份,2026-03-13
603091,众鑫股份,2026-03-13
603092,德力佳,2026-03-13
603093,南华期货,2026-03-13
603095,越剑智能,2026-03-13
603096,新经典,2026-03-13
603097,江苏华辰,2026-03-13
603098,森特股份,2026-03-13
603099,长白山,2026-03-13
603100,川仪股份,2026-03-13
603101,汇嘉时代,2026-03-13
603102,百合股份,2026-03-13
603103,横店影视,2026-03-13
603105,芯能科技,2026-03-13
603106,恒银科技,2026-03-13
603107,上海汽配,2026-03-13
603108,润达医疗,2026-03-13
603109,神驰机电,2026-03-13
603110,东方材料,2026-03-13
603111,康尼机电,2026-03-13
603112,华翔股份,2026-03-13
603113,金能科技,2026-03-13
603115,海星股份,2026-03-13
603116,红蜻蜓,2026-03-13
603117,万林物流,2026-03-13
603118,共进股份,2026-03-13
603119,浙江荣泰,2026-03-13
603120,肯特催化,2026-03-13
603121,华培动力,2026-03-13
603122,合富中国,2026-03-13
603123,翠微股份,2026-03-13
603124,江南新材,2026-03-13
603125,常青科技,2026-03-13
603126,中材节能,2026-03-13
603127,昭衍新药,2026-03-13
603128,华贸物流,2026-03-13
603129,春风动力,2026-03-13
603130,云中马,2026-03-13
603131,上海沪工,2026-03-13
603132,金徽股份,2026-03-13
603133,退市碳元,2026-03-13
603135,中重科技,2026-03-13
603136,天目湖,2026-03-13
603137,恒尚节能,2026-03-13
603138,海量数据,2026-03-13
603139,康惠股份,2026-03-13
603150,万朗磁塑,2026-03-13
603151,邦基科技,2026-03-13
603153,上海建科,2026-03-13
603155,新亚强,2026-03-13
603156,养元饮品,2026-03-13
603157,退市拉夏,2026-03-13
603158,腾龙股份,2026-03-13
603159,上海亚虹,2026-03-13
603160,汇顶科技,2026-03-13
603161,科华控股,2026-03-13
603162,海通发展,2026-03-13
603163,圣晖集成,2026-03-13
603165,荣晟环保,2026-03-13
603166,福达股份,2026-03-13
603167,渤海轮渡,2026-03-13
603168,莎普爱思,2026-03-13
603169,兰石重装,2026-03-13
603170,宝立食品,2026-03-13
603171,税友股份,2026-03-13
603172,万丰股份,2026-03-13
603173,福斯达,2026-03-13
603175,超颖电子,2026-03-13
603176,汇通集团,2026-03-13
603177,德创环保,2026-03-13
603178,圣龙股份,2026-03-13
603179,新泉股份,2026-03-13
603180,金牌家居,2026-03-13
603181,皇马科技,2026-03-13
603182,嘉华股份,2026-03-13
603183,建研院,2026-03-13
603185,弘元绿能,2026-03-13
603186,华正新材,2026-03-13
603187,海容冷链,2026-03-13
603188,亚邦股份,2026-03-13
603189,网达软件,2026-03-13
603190,亚通精工,2026-03-13
603191,望变电气,2026-03-13
603192,汇得科技,2026-03-13
603193,润本股份,2026-03-13
603194,中力股份,2026-03-13
603195,公牛集团,2026-03-13
603196,日播时尚,2026-03-13
603197,保隆科技,2026-03-13
603198,迎驾贡酒,2026-03-13
603199,九华旅游,2026-03-13
603200,上海洗霸,2026-03-13
603201,常润股份,2026-03-13
603202,天有为,2026-03-13
603203,快克智能,2026-03-13
603205,健尔康,2026-03-13
603206,嘉环科技,2026-03-13
603207,小方制药,2026-03-13
603208,江山欧派,2026-03-13
603209,兴通股份,2026-03-13
603210,泰鸿万立,2026-03-13
603211,晋拓股份,2026-03-13
603212,赛伍技术,2026-03-13
603213,镇洋发展,2026-03-13
603214,爱婴室,2026-03-13
603215,比依股份,2026-03-13
603216,梦天家居,2026-03-13
603217,元利科技,2026-03-13
603218,日月股份,2026-03-13
603219,富佳股份,2026-03-13
603220,中贝通信,2026-03-13
603221,爱丽家居,2026-03-13
603222,济民健康,2026-03-13
603223,恒通股份,2026-03-13
603225,新凤鸣,2026-03-13
603226,菲林格尔,2026-03-13
603227,雪峰科技,2026-03-13
603228,景旺电子,2026-03-13
603229,奥翔药业,2026-03-13
603230,内蒙新华,2026-03-13
603231,索宝蛋白,2026-03-13
603232,格尔软件,2026-03-13
603233,大参林,2026-03-13
603235,天新药业,2026-03-13
603236,移远通信,2026-03-13
603237,五芳斋,2026-03-13
603238,诺邦股份,2026-03-13
603239,浙江仙通,2026-03-13
603248,锡华科技,2026-03-13
603255,鼎际得,2026-03-13
603256,宏和科技,2026-03-13
603257,中国瑞林,2026-03-13
603258,电魂网络,2026-03-13
603259,药明康德,2026-03-13
603260,合盛硅业,2026-03-13
603261,*ST立航,2026-03-13
603262,技源集团,2026-03-13
603266,天龙股份,2026-03-13
603267,鸿远电子,2026-03-13
603268,*ST松发,2026-03-13
603269,海鸥股份,2026-03-13
603270,金帝股份,2026-03-13
603271,永杰新材,2026-03-13
603272,联翔股份,2026-03-13
603273,天元智能,2026-03-13
603275,众辰科技,2026-03-13
603276,恒兴新材,2026-03-13
603277,银都股份,2026-03-13
603278,大业股份,2026-03-13
603279,景津装备,2026-03-13
603280,南方路机,2026-03-13
603281,江瀚新材,2026-03-13
603282,亚光股份,2026-03-13
603283,赛腾股份,2026-03-13
603284,林平发展,2026-03-13
603285,键邦股份,2026-03-13
603286,日盈电子,2026-03-13
603288,海天味业,2026-03-13
603289,泰瑞机器,2026-03-13
603290,斯达半导,2026-03-13
603291,联合水务,2026-03-13
603296,华勤技术,2026-03-13
603297,永新光学,2026-03-13
603298,杭叉集团,2026-03-13
603299,苏盐井神,2026-03-13
603300,海南华铁,2026-03-13
603301,振德医疗,2026-03-13
603303,得邦照明,2026-03-13
603305,旭升集团,2026-03-13
603306,华懋科技,2026-03-13
603307,扬州金泉,2026-03-13
603308,应流股份,2026-03-13
603309,维力医疗,2026-03-13
603310,巍华新材,2026-03-13
603311,金海高科,2026-03-13
603312,西典新能,2026-03-13
603313,梦百合,2026-03-13
603315,福鞍股份,2026-03-13
603316,诚邦股份,2026-03-13
603317,天味食品,2026-03-13
603318,水发燃气,2026-03-13
603319,美湖股份,2026-03-13
603320,迪贝电气,2026-03-13
603321,梅轮电梯,2026-03-13
603322,超讯通信,2026-03-13
603323,苏农银行,2026-03-13
603324,盛剑科技,2026-03-13
603325,博隆技术,2026-03-13
603326,我乐家居,2026-03-13
603327,福蓉科技,2026-03-13
603328,依顿电子,2026-03-13
603329,上海雅仕,2026-03-13
603330,天洋新材,2026-03-13
603331,百达精工,2026-03-13
603332,苏州龙杰,2026-03-13
603333,尚纬股份,2026-03-13
603334,丰倍生物,2026-03-13
603335,迪生力,2026-03-13
603336,宏辉果蔬,2026-03-13
603337,杰克科技,2026-03-13
603338,浙江鼎力,2026-03-13
603339,四方科技,2026-03-13
603341,龙旗科技,2026-03-13
603344,星德胜,2026-03-13
603345,安井食品,2026-03-13
603348,文灿股份,2026-03-13
603350,安乃达,2026-03-13
603351,威尔药业,2026-03-13
603352,至信股份,2026-03-13
603353,和顺石油,2026-03-13
603355,莱克电气,2026-03-13
603356,华菱精工,2026-03-13
603357,设计总院,2026-03-13
603358,华达科技,2026-03-13
603359,东珠生态,2026-03-13
603360,百傲化学,2026-03-13
603363,傲农生物,2026-03-13
603365,水星家纺,2026-03-13
603366,日出东方,2026-03-13
603367,辰欣药业,2026-03-13
603368,柳药集团,2026-03-13
603369,今世缘,2026-03-13
603370,华新精科,2026-03-13
603373,安邦护卫,2026-03-13
603375,盛景微,2026-03-13
603376,大明电子,2026-03-13
603377,ST东时,2026-03-13
603378,亚士创能,2026-03-13
603379,三美股份,2026-03-13
603380,易德龙,2026-03-13
603381,永臻股份,2026-03-13
603382,海阳科技,2026-03-13
603383,顶点软件,2026-03-13
603385,惠达卫浴,2026-03-13
603386,骏亚科技,2026-03-13
603387,基蛋生物,2026-03-13
603388,*ST元成,2026-03-13
603389,*ST亚振,2026-03-13
603390,通达电气,2026-03-13
603391,力聚热能,2026-03-13
603392,万泰生物,2026-03-13
603393,新天然气,2026-03-13
603395,红四方,2026-03-13
603396,金辰股份,2026-03-13
603398,*ST沐邦,2026-03-13
603399,永杉锂业,2026-03-13
603400,华之杰,2026-03-13
603402,陕西旅游,2026-03-13
603406,天富龙,2026-03-13
603408,建霖家居,2026-03-13
603409,汇通控股,2026-03-13
603416,信捷电气,2026-03-13
603418,友升股份,2026-03-13
603421,鼎信通讯,2026-03-13
603429,集友股份,2026-03-13
603439,三力制药,2026-03-13
603444,吉比特,2026-03-13
603456,九洲药业,2026-03-13
603458,勘设股份,2026-03-13
603466,风语筑,2026-03-13
603477,巨星农牧,2026-03-13
603486,科沃斯,2026-03-13
603488,展鹏科技,2026-03-13
603489,八方股份,2026-03-13
603496,恒为科技,2026-03-13
603499,翔港科技,2026-03-13
603500,祥和实业,2026-03-13
603501,豪威集团,2026-03-13
603505,金石资源,2026-03-13
603506,南都物业,2026-03-13
603507,振江股份,2026-03-13
603508,思维列控,2026-03-13
603511,爱慕股份,2026-03-13
603515,欧普照明,2026-03-13
603516,淳中科技,2026-03-13
603517,ST绝味,2026-03-13
603518,锦泓集团,2026-03-13
603519,立霸股份,2026-03-13
603520,司太立,2026-03-13
603527,众源新材,2026-03-13
603528,多伦科技,2026-03-13
603529,爱玛科技,2026-03-13
603530,神马电力,2026-03-13
603533,掌阅科技,2026-03-13
603535,嘉诚国际,2026-03-13
603536,惠发食品,2026-03-13
603538,美诺华,2026-03-13
603551,奥普科技,2026-03-13
603555,ST贵人,2026-03-13
603556,海兴电力,2026-03-13
603557,ST起步,2026-03-13
603558,健盛集团,2026-03-13
603559,ST通脉,2026-03-13
603565,中谷物流,2026-03-13
603566,普莱柯,2026-03-13
603567,珍宝岛,2026-03-13
603568,伟明环保,2026-03-13
603569,长久物流,2026-03-13
603577,汇金通,2026-03-13
603578,三星新材,2026-03-13
603579,荣泰健康,2026-03-13
603580,*ST艾艾,2026-03-13
603583,捷昌驱动,2026-03-13
603585,苏利股份,2026-03-13
603586,金麒麟,2026-03-13
603587,地素时尚,2026-03-13
603588,高能环境,2026-03-13
603589,口子窖,2026-03-13
603590,康辰药业,2026-03-13
603595,ST东尼,2026-03-13
603596,伯特利,2026-03-13
603598,引力传媒,2026-03-13
603599,广信股份,2026-03-13
603600,永艺股份,2026-03-13
603601,再升科技,2026-03-13
603602,纵横通信,2026-03-13
603603,退市博天,2026-03-13
603605,珀莱雅,2026-03-13
603606,东方电缆,2026-03-13
603607,京华激光,2026-03-13
603608,天创时尚,2026-03-13
603609,禾丰股份,2026-03-13
603610,麒盛科技,2026-03-13
603611,诺力股份,2026-03-13
603612,索通发展,2026-03-13
603613,国联股份,2026-03-13
603615,茶花股份,2026-03-13
603616,韩建河山,2026-03-13
603617,君禾股份,2026-03-13
603618,杭电股份,2026-03-13
603619,中曼石油,2026-03-13
603626,科森科技,2026-03-13
603628,清源股份,2026-03-13
603629,利通电子,2026-03-13
603630,拉芳家化,2026-03-13
603633,徕木股份,2026-03-13
603636,南威软件,2026-03-13
603637,镇海股份,2026-03-13
603638,艾迪精密,2026-03-13
603639,海利尔,2026-03-13
603648,畅联股份,2026-03-13
603650,彤程新材,2026-03-13
603655,朗博科技,2026-03-13
603656,泰禾智能,2026-03-13
603657,春光科技,2026-03-13
603658,安图生物,2026-03-13
603659,璞泰来,2026-03-13
603660,苏州科达,2026-03-13
603661,恒林股份,2026-03-13
603662,柯力传感,2026-03-13
603663,三祥新材,2026-03-13
603665,康隆达,2026-03-13
603666,亿嘉和,2026-03-13
603667,五洲新春,2026-03-13
603668,天马科技,2026-03-13
603669,灵康药业,2026-03-13
603676,卫信康,2026-03-13
603677,奇精机械,2026-03-13
603678,火炬电子,2026-03-13
603679,华体科技,2026-03-13
603680,今创集团,2026-03-13
603681,永冠新材,2026-03-13
603682,锦和商管,2026-03-13
603683,晶华新材,2026-03-13
603685,晨丰科技,2026-03-13
603686,福龙马,2026-03-13
603687,大胜达,2026-03-13
603688,石英股份,2026-03-13
603689,皖天然气,2026-03-13
603690,至纯科技,2026-03-13
603693,江苏新能,2026-03-13
603696,安记食品,2026-03-13
603697,有友食品,2026-03-13
603698,航天工程,2026-03-13
603699,纽威股份,2026-03-13
603700,宁水集团,2026-03-13
603701,德宏股份,2026-03-13
603703,盛洋科技,2026-03-13
603706,东方环宇,2026-03-13
603707,健友股份,2026-03-13
603708,家家悦,2026-03-13
603709,中源家居,2026-03-13
603711,香飘飘,2026-03-13
603712,七一二,2026-03-13
603713,密尔克卫,2026-03-13
603716,塞力医疗,2026-03-13
603717,天域生物,2026-03-13
603718,海利生物,2026-03-13
603719,良品铺子,2026-03-13
603721,*ST天择,2026-03-13
603722,阿科力,2026-03-13
603725,天安新材,2026-03-13
603726,朗迪集团,2026-03-13
603727,博迈科,2026-03-13
603728,鸣志电器,2026-03-13
603729,龙韵股份,2026-03-13
603730,岱美股份,2026-03-13
603733,仙鹤股份,2026-03-13
603737,三棵树,2026-03-13
603738,泰晶科技,2026-03-13
603739,蔚蓝生物,2026-03-13
603755,日辰股份,2026-03-13
603757,大元泵业,2026-03-13
603758,秦安股份,2026-03-13
603759,海天股份,2026-03-13
603766,隆鑫通用,2026-03-13
603767,中马传动,2026-03-13
603768,常青股份,2026-03-13
603773,沃格光电,2026-03-13
603776,永安行,2026-03-13
603777,来伊份,2026-03-13
603778,国晟科技,2026-03-13
603779,威龙股份,2026-03-13
603786,科博达,2026-03-13
603787,新日股份,2026-03-13
603788,宁波高发,2026-03-13
603789,*ST星农,2026-03-13
603790,雅运股份,2026-03-13
603797,联泰环保,2026-03-13
603798,康普顿,2026-03-13
603799,华友钴业,2026-03-13
603800,洪田股份,2026-03-13
603801,志邦家居,2026-03-13
603803,瑞斯康达,2026-03-13
603806,福斯特,2026-03-13
603808,歌力思,2026-03-13
603809,豪能股份,2026-03-13
603810,丰山集团,2026-03-13
603811,诚意药业,2026-03-13
603813,*ST原尚,2026-03-13
603815,交建股份,2026-03-13
603816,顾家家居,2026-03-13
603817,海峡环保,2026-03-13
603818,曲美家居,2026-03-13
603819,神力股份,2026-03-13
603822,ST嘉澳,2026-03-13
603823,百合花,2026-03-13
603825,ST华扬,2026-03-13
603826,坤彩科技,2026-03-13
603828,ST柯利达,2026-03-13
603829,洛凯股份,2026-03-13
603833,欧派家居,2026-03-13
603836,海程邦达,2026-03-13
603838,*ST四通,2026-03-13
603839,安正时尚,2026-03-13
603843,*ST正平,2026-03-13
603848,好太太,2026-03-13
603855,华荣股份,2026-03-13
603856,东宏股份,2026-03-13
603858,步长制药,2026-03-13
603859,能科科技,2026-03-13
603860,中公高科,2026-03-13
603861,白云电器,2026-03-13
603863,松炀资源,2026-03-13
603866,桃李面包,2026-03-13
603867,新化股份,2026-03-13
603868,飞科电器,2026-03-13
603869,ST智知,2026-03-13
603871,嘉友国际,2026-03-13
603876,鼎胜新材,2026-03-13
603877,太平鸟,2026-03-13
603878,武进不锈,2026-03-13
603879,永悦科技,2026-03-13
603880,南卫股份,2026-03-13
603881,数据港,2026-03-13
603882,金域医学,2026-03-13
603883,老百姓,2026-03-13
603885,吉祥航空,2026-03-13
603886,元祖股份,2026-03-13
603887,城地香江,2026-03-13
603888,新华网,2026-03-13
603889,新澳股份,2026-03-13
603890,春秋电子,2026-03-13
603893,瑞芯微,2026-03-13
603895,天永智能,2026-03-13
603896,寿仙谷,2026-03-13
603897,长城科技,2026-03-13
603898,好莱客,2026-03-13
603899,晨光股份,2026-03-13
603900,莱绅通灵,2026-03-13
603901,永创智能,2026-03-13
603903,中持股份,2026-03-13
603906,龙蟠科技,2026-03-13
603908,牧高笛,2026-03-13
603909,建发合诚,2026-03-13
603912,佳力图,2026-03-13
603915,国茂股份,2026-03-13
603916,苏博特,2026-03-13
603917,合力科技,2026-03-13
603918,金桥信息,2026-03-13
603919,金徽酒,2026-03-13
603920,世运电路,2026-03-13
603922,金鸿顺,2026-03-13
603926,铁流股份,2026-03-13
603927,中科软,2026-03-13
603928,兴业股份,2026-03-13
603929,亚翔集成,2026-03-13
603931,格林达,2026-03-13
603933,睿能科技,2026-03-13
603936,博敏电子,2026-03-13
603937,丽岛新材,2026-03-13
603938,三孚股份,2026-03-13
603939,益丰药房,2026-03-13
603948,建业股份,2026-03-13
603949,雪龙集团,2026-03-13
603950,长源东谷,2026-03-13
603955,大千生态,2026-03-13
603956,威派格,2026-03-13
603958,哈森股份,2026-03-13
603959,百利科技,2026-03-13
603960,克来机电,2026-03-13
603963,*ST大药,2026-03-13
603966,法兰泰克,2026-03-13
603967,中创物流,2026-03-13
603968,醋化股份,2026-03-13
603969,银龙股份,2026-03-13
603970,中农立华,2026-03-13
603976,正川股份,2026-03-13
603977,国泰集团,2026-03-13
603978,深圳新星,2026-03-13
603979,金诚信,2026-03-13
603980,吉华集团,2026-03-13
603982,泉峰汽车,2026-03-13
603983,丸美生物,2026-03-13
603985,恒润股份,2026-03-13
603986,兆易创新,2026-03-13
603987,康德莱,2026-03-13
603988,中电电机,2026-03-13
603989,艾华集团,2026-03-13
603990,麦迪科技,2026-03-13
603991,至正股份,2026-03-13
603992,松霖科技,2026-03-13
603993,洛阳钼业,2026-03-13
603995,甬金股份,2026-03-13
603996,退市中新,2026-03-13
603997,继峰股份,2026-03-13
603998,方盛制药,2026-03-13
603999,读者传媒,2026-03-13
605001,威奥股份,2026-03-13
605003,众望布艺,2026-03-13
605005,合兴股份,2026-03-13
605006,山东玻纤,2026-03-13
605007,五洲特纸,2026-03-13
605008,长鸿高科,2026-03-13
605009,豪悦护理,2026-03-13
605011,杭州热电,2026-03-13
605016,百龙创园,2026-03-13
605018,长华集团,2026-03-13
605020,永和股份,2026-03-13
605028,世茂能源,2026-03-13
605033,美邦股份,2026-03-13
605050,福然德,2026-03-13
605055,迎丰股份,2026-03-13
605056,咸亨国际,2026-03-13
605058,澳弘电子,2026-03-13
605060,联德股份,2026-03-13
605066,天正电气,2026-03-13
605068,明新旭腾,2026-03-13
605069,正和生态,2026-03-13
605077,华康股份,2026-03-13
605080,浙江自然,2026-03-13
605081,*ST太和,2026-03-13
605086,龙高股份,2026-03-13
605088,冠盛股份,2026-03-13
605089,味知香,2026-03-13
605090,九丰能源,2026-03-13
605098,行动教育,2026-03-13
605099,共创草坪,2026-03-13
605100,华丰股份,2026-03-13
605108,同庆楼,2026-03-13
605111,新洁能,2026-03-13
605116,奥锐特,2026-03-13
605117,德业股份,2026-03-13
605118,力鼎光电,2026-03-13
605122,四方新材,2026-03-13
605123,派克新材,2026-03-13
605128,上海沿浦,2026-03-13
605133,嵘泰股份,2026-03-13
605136,丽人丽妆,2026-03-13
605138,盛泰集团,2026-03-13
605151,西上海,2026-03-13
605155,西大门,2026-03-13
605158,华达新材,2026-03-13
605162,新中港,2026-03-13
605166,聚合顺,2026-03-13
605167,利柏特,2026-03-13
605168,三人行,2026-03-13
605169,洪通燃气,2026-03-13
605177,东亚药业,2026-03-13
605178,时空科技,2026-03-13
605179,一鸣食品,2026-03-13
605180,华生科技,2026-03-13
605183,确成股份,2026-03-13
605186,健麾信息,2026-03-13
605188,国光连锁,2026-03-13
605189,富春染织,2026-03-13
605196,华通线缆,2026-03-13
605198,安德利,2026-03-13
605199,ST葫芦娃,2026-03-13
605208,永茂泰,2026-03-13
605218,伟时电子,2026-03-13
605222,起帆电缆,2026-03-13
605228,神通科技,2026-03-13
605255,天普股份,2026-03-13
605258,协和电子,2026-03-13
605259,绿田机械,2026-03-13
605266,健之佳,2026-03-13
605268,王力安防,2026-03-13
605277,新亚电子,2026-03-13
605286,同力天启,2026-03-13
605287,德才股份,2026-03-13
605288,凯迪股份,2026-03-13
605289,罗曼股份,2026-03-13
605296,神农集团,2026-03-13
605298,必得科技,2026-03-13
605299,舒华体育,2026-03-13
605300,佳禾食品,2026-03-13
605303,园林股份,2026-03-13
605305,中际联合,2026-03-13
605318,法狮龙,2026-03-13
605319,无锡振华,2026-03-13
605333,沪光股份,2026-03-13
605336,帅丰电器,2026-03-13
605337,李子园,2026-03-13
605338,巴比食品,2026-03-13
605339,南侨食品,2026-03-13
605358,立昂微,2026-03-13
605365,立达信,2026-03-13
605366,宏柏新材,2026-03-13
605368,蓝天燃气,2026-03-13
605369,拱东医疗,2026-03-13
605376,博迁新材,2026-03-13
605377,华旺科技,2026-03-13
605378,野马电池,2026-03-13
605388,均瑶健康,2026-03-13
605389,长龄液压,2026-03-13
605398,新炬网络,2026-03-13
605399,晨光新材,2026-03-13
605488,福莱新材,2026-03-13
605499,东鹏饮料,2026-03-13
605500,森林包装,2026-03-13
605507,国邦医药,2026-03-13
605555,德昌股份,2026-03-13
605566,福莱蒽特,2026-03-13
605567,春雪食品,2026-03-13
605577,龙版传媒,2026-03-13
605580,恒盛能源,2026-03-13
605588,冠石科技,2026-03-13
605589,圣泉集团,2026-03-13
605598,上海港湾,2026-03-13
605599,菜百股份,2026-03-13
688001,华兴源创,2026-03-13
688002,睿创微纳,2026-03-13
688003,天准科技,2026-03-13
688004,博汇科技,2026-03-13
688005,容百科技,2026-03-13
688006,杭可科技,2026-03-13
688007,光峰科技,2026-03-13
688008,澜起科技,2026-03-13
688009,中国通号,2026-03-13
688010,福光股份,2026-03-13
688011,新光光电,2026-03-13
688012,中微公司,2026-03-13
688013,天臣医疗,2026-03-13
688015,交控科技,2026-03-13
688016,心脉医疗,2026-03-13
688017,绿的谐波,2026-03-13
688018,乐鑫科技,2026-03-13
688019,安集科技,2026-03-13
688020,方邦股份,2026-03-13
688021,奥福科技,2026-03-13
688022,瀚川智能,2026-03-13
688023,安恒信息,2026-03-13
688025,杰普特,2026-03-13
688026,洁特生物,2026-03-13
688027,国盾量子,2026-03-13
688028,沃尔德,2026-03-13
688029,南微医学,2026-03-13
688030,山石网科,2026-03-13
688031,星环科技-U,2026-03-13
688032,禾迈股份,2026-03-13
688033,天宜新材,2026-03-13
688035,德邦科技,2026-03-13
688036,传音控股,2026-03-13
688037,芯源微,2026-03-13
688038,中科通达,2026-03-13
688039,当虹科技,2026-03-13
688041,海光信息,2026-03-13
688045,必易微,2026-03-13
688046,药康生物,2026-03-13
688047,龙芯中科,2026-03-13
688048,长光华芯,2026-03-13
688049,炬芯科技,2026-03-13
688050,爱博医疗,2026-03-13
688051,佳华科技,2026-03-13
688052,纳芯微,2026-03-13
688053,ST思科瑞,2026-03-13
688055,龙腾光电,2026-03-13
688056,莱伯泰科,2026-03-13
688057,金达莱,2026-03-13
688058,宝兰德,2026-03-13
688059,华锐精密,2026-03-13
688060,云涌科技,2026-03-13
688061,灿瑞科技,2026-03-13
688062,迈威生物-U,2026-03-13
688063,派能科技,2026-03-13
688065,凯赛生物,2026-03-13
688066,航天宏图,2026-03-13
688067,爱威科技,2026-03-13
688068,热景生物,2026-03-13
688069,德林海,2026-03-13
688070,纵横股份,2026-03-13
688071,华依科技,2026-03-13
688072,拓荆科技,2026-03-13
688073,毕得医药,2026-03-13
688075,安旭生物,2026-03-13
688076,ST诺泰,2026-03-13
688077,大地熊,2026-03-13
688078,龙软科技,2026-03-13
688079,美迪凯,2026-03-13
688080,映翰通,2026-03-13
688081,兴图新科,2026-03-13
688082,盛美上海,2026-03-13
688083,中望软件,2026-03-13
688084,晶品特装,2026-03-13
688085,三友医疗,2026-03-13
688086,退市紫晶,2026-03-13
688087,英科再生,2026-03-13
688088,虹软科技,2026-03-13
688089,嘉必优,2026-03-13
688090,瑞松科技,2026-03-13
688091,上海谊众,2026-03-13
688092,爱科科技,2026-03-13
688093,世华科技,2026-03-13
688095,福昕软件,2026-03-13
688096,京源环保,2026-03-13
688097,博众精工,2026-03-13
688098,申联生物,2026-03-13
688099,晶晨股份,2026-03-13
688100,威胜信息,2026-03-13
688101,三达膜,2026-03-13
688102,斯瑞新材,2026-03-13
688103,国力电子,2026-03-13
688105,诺唯赞,2026-03-13
688106,金宏气体,2026-03-13
688107,安路科技,2026-03-13
688108,赛诺医疗,2026-03-13
688109,品茗科技,2026-03-13
688110,东芯股份,2026-03-13
688111,金山办公,2026-03-13
688112,鼎阳科技,2026-03-13
688113,联测科技,2026-03-13
688114,华大智造,2026-03-13
688115,思林杰,2026-03-13
688116,天奈科技,2026-03-13
688117,圣诺生物,2026-03-13
688118,普元信息,2026-03-13
688119,中钢洛耐,2026-03-13
688120,华海清科,2026-03-13
688121,卓然股份,2026-03-13
688122,西部超导,2026-03-13
688123,聚辰股份,2026-03-13
688125,安达智能,2026-03-13
688126,沪硅产业,2026-03-13
688127,蓝特光学,2026-03-13
688128,中国电研,2026-03-13
688129,东来技术,2026-03-13
688130,晶华微,2026-03-13
688131,皓元医药,2026-03-13
688132,邦彦技术,2026-03-13
688133,泰坦科技,2026-03-13
688135,利扬芯片,2026-03-13
688136,科兴制药,2026-03-13
688137,近岸蛋白,2026-03-13
688138,清溢光电,2026-03-13
688139,海尔生物,2026-03-13
688141,杰华特,2026-03-13
688143,长盈通,2026-03-13
688146,中船特气,2026-03-13
688147,微导纳米,2026-03-13
688148,芳源股份,2026-03-13
688150,莱特光电,2026-03-13
688151,华强科技,2026-03-13
688152,麒麟信安,2026-03-13
688153,唯捷创芯,2026-03-13
688155,先惠技术,2026-03-13
688156,路德科技,2026-03-13
688157,松井股份,2026-03-13
688158,优刻得-W,2026-03-13
688159,有方科技,2026-03-13
688160,步科股份,2026-03-13
688161,威高骨科,2026-03-13
688162,巨一科技,2026-03-13
688163,赛伦生物,2026-03-13
688165,埃夫特-U,2026-03-13
688166,博瑞医药,2026-03-13
688167,炬光科技,2026-03-13
688168,安博通,2026-03-13
688169,石头科技,2026-03-13
688170,德龙激光,2026-03-13
688171,纬德信息,2026-03-13
688172,燕东微,2026-03-13
688173,希荻微,2026-03-13
688175,高凌信息,2026-03-13
688176,亚虹医药-U,2026-03-13
688177,百奥泰,2026-03-13
688178,万德斯,2026-03-13
688179,阿拉丁,2026-03-13
688180,君实生物-U,2026-03-13
688181,八亿时空,2026-03-13
688182,灿勤科技,2026-03-13
688183,生益电子,2026-03-13
688184,ST帕瓦,2026-03-13
688185,康希诺,2026-03-13
688186,广大特材,2026-03-13
688187,时代电气,2026-03-13
688188,柏楚电子,2026-03-13
688189,南新制药,2026-03-13
688190,云路股份,2026-03-13
688191,智洋创新,2026-03-13
688192,迪哲医药-U,2026-03-13
688193,仁度生物,2026-03-13
688195,腾景科技,2026-03-13
688196,卓越新能,2026-03-13
688197,首药控股-U,2026-03-13
688198,佰仁医疗,2026-03-13
688199,久日新材,2026-03-13
688200,华峰测控,2026-03-13
688201,信安世纪,2026-03-13
688202,美迪西,2026-03-13
688203,海正生材,2026-03-13
688205,德科立,2026-03-13
688206,概伦电子,2026-03-13
688207,格灵深瞳,2026-03-13
688208,道通科技,2026-03-13
688209,英集芯,2026-03-13
688210,统联精密,2026-03-13
688211,中科微至,2026-03-13
688212,澳华内镜,2026-03-13
688213,思特威-W,2026-03-13
688215,瑞晟智能,2026-03-13
688216,气派科技,2026-03-13
688217,睿昂基因,2026-03-13
688218,江苏北人,2026-03-13
688219,会通股份,2026-03-13
688220,翱捷科技-U,2026-03-13
688221,前沿生物-U,2026-03-13
688222,成都先导,2026-03-13
688223,晶科能源,2026-03-13
688225,亚信安全,2026-03-13
688226,威腾电气,2026-03-13
688227,品高股份,2026-03-13
688228,开普云,2026-03-13
688229,博睿数据,2026-03-13
688230,芯导科技,2026-03-13
688231,隆达股份,2026-03-13
688232,新点软件,2026-03-13
688233,神工股份,2026-03-13
688234,天岳先进,2026-03-13
688235,百济神州-U,2026-03-13
688236,春立医疗,2026-03-13
688237,超卓航科,2026-03-13
688238,和元生物,2026-03-13
688239,航宇科技,2026-03-13
688244,永信至诚,2026-03-13
688246,嘉和美康,2026-03-13
688247,宣泰医药,2026-03-13
688248,南网科技,2026-03-13
688249,晶合集成,2026-03-13
688251,井松智能,2026-03-13
688252,天德钰,2026-03-13
688253,英诺特,2026-03-13
688255,凯尔达,2026-03-13
688256,寒武纪-U,2026-03-13
688257,新锐股份,2026-03-13
688258,卓易信息,2026-03-13
688259,创耀科技,2026-03-13
688260,昀冢科技,2026-03-13
688261,东微半导,2026-03-13
688262,国芯科技,2026-03-13
688265,南模生物,2026-03-13
688266,泽璟制药-U,2026-03-13
688267,中触媒,2026-03-13
688268,华特气体,2026-03-13
688269,凯立新材,2026-03-13
688270,臻镭科技,2026-03-13
688271,联影医疗,2026-03-13
688272,富吉瑞,2026-03-13
688273,麦澜德,2026-03-13
688275,万润新能,2026-03-13
688276,百克生物,2026-03-13
688277,天智航-U,2026-03-13
688278,特宝生物,2026-03-13
688279,峰岹科技,2026-03-13
688280,精进电动-UW,2026-03-13
688281,华秦科技,2026-03-13
688282,理工导航,2026-03-13
688283,坤恒顺维,2026-03-13
688285,高铁电气,2026-03-13
688286,敏芯股份,2026-03-13
688287,*ST观典,2026-03-13
688288,鸿泉技术,2026-03-13
688289,圣湘生物,2026-03-13
688290,景业智能,2026-03-13
688291,金橙子,2026-03-13
688292,浩瀚深度,2026-03-13
688293,奥浦迈,2026-03-13
688295,中复神鹰,2026-03-13
688296,和达科技,2026-03-13
688297,中无人机,2026-03-13
688298,东方生物,2026-03-13
688299,长阳科技,2026-03-13
688300,联瑞新材,2026-03-13
688301,奕瑞科技,2026-03-13
688302,海创药业-U,2026-03-13
688303,大全能源,2026-03-13
688305,科德数控,2026-03-13
688306,均普智能,2026-03-13
688307,中润光学,2026-03-13
688308,欧科亿,2026-03-13
688309,恒誉环保,2026-03-13
688310,迈得医疗,2026-03-13
688311,盟升电子,2026-03-13
688312,燕麦科技,2026-03-13
688313,仕佳光子,2026-03-13
688314,康拓医疗,2026-03-13
688315,诺禾致源,2026-03-13
688316,青云科技-U,2026-03-13
688317,之江生物,2026-03-13
688318,财富趋势,2026-03-13
688319,欧林生物,2026-03-13
688320,禾川科技,2026-03-13
688321,微芯生物,2026-03-13
688322,奥比中光-UW,2026-03-13
688323,瑞华泰,2026-03-13
688325,赛微微电,2026-03-13
688326,经纬恒润-W,2026-03-13
688327,云从科技-UW,2026-03-13
688328,深科达,2026-03-13
688329,艾隆科技,2026-03-13
688330,宏力达,2026-03-13
688331,荣昌生物,2026-03-13
688332,中科蓝讯,2026-03-13
688333,铂力特,2026-03-13
688334,西高院,2026-03-13
688335,复洁科技,2026-03-13
688336,三生国健,2026-03-13
688337,普源精电,2026-03-13
688338,赛科希德,2026-03-13
688339,亿华通-U,2026-03-13
688343,云天励飞-U,2026-03-13
688345,博力威,2026-03-13
688347,华虹公司,2026-03-13
688348,昱能科技,2026-03-13
688349,三一重能,2026-03-13
688350,富淼科技,2026-03-13
688351,微电生理,2026-03-13
688352,颀中科技,2026-03-13
688353,华盛锂电,2026-03-13
688355,明志科技,2026-03-13
688356,键凯科技,2026-03-13
688357,建龙微纳,2026-03-13
688358,祥生医疗,2026-03-13
688359,三孚新科,2026-03-13
688360,德马科技,2026-03-13
688361,中科飞测,2026-03-13
688362,甬矽电子,2026-03-13
688363,华熙生物,2026-03-13
688365,光云科技,2026-03-13
688366,昊海生科,2026-03-13
688367,工大高科,2026-03-13
688368,晶丰明源,2026-03-13
688369,致远互联,2026-03-13
688370,丛麟科技,2026-03-13
688371,菲沃泰,2026-03-13
688372,伟测科技,2026-03-13
688373,盟科药业-U,2026-03-13
688375,国博电子,2026-03-13
688376,美埃科技,2026-03-13
688377,迪威尔,2026-03-13
688378,奥来德,2026-03-13
688379,华光新材,2026-03-13
688380,中微半导,2026-03-13
688381,帝奥微,2026-03-13
688382,益方生物-U,2026-03-13
688383,新益昌,2026-03-13
688385,复旦微电,2026-03-13
688386,泛亚微透,2026-03-13
688387,信科移动-U,2026-03-13
688388,嘉元科技,2026-03-13
688389,普门科技,2026-03-13
688390,固德威,2026-03-13
688391,钜泉科技,2026-03-13
688392,骄成超声,2026-03-13
688393,安必平,2026-03-13
688395,正弦电气,2026-03-13
688396,华润微,2026-03-13
688398,赛特新材,2026-03-13
688399,硕世生物,2026-03-13
688400,凌云光,2026-03-13
688401,路维光电,2026-03-13
688403,汇成股份,2026-03-13
688408,中信博,2026-03-13
688409,富创精密,2026-03-13
688410,山外山,2026-03-13
688411,海博思创,2026-03-13
688416,恒烁股份,2026-03-13
688418,震有科技,2026-03-13
688419,耐科装备,2026-03-13
688420,美腾科技,2026-03-13
688425,铁建重工,2026-03-13
688426,康为世纪,2026-03-13
688428,诺诚健华-U,2026-03-13
688429,时创能源,2026-03-13
688432,有研硅,2026-03-13
688433,华曙高科,2026-03-13
688435,英方软件,2026-03-13
688439,振华风光,2026-03-13
688443,智翔金泰-U,2026-03-13
688448,磁谷科技,2026-03-13
688449,联芸科技,2026-03-13
688450,光格科技,2026-03-13
688455,科捷智能,2026-03-13
688456,有研粉材,2026-03-13
688458,美芯晟,2026-03-13
688459,哈铁科技,2026-03-13
688466,金科环境,2026-03-13
688468,科美诊断,2026-03-13
688469,芯联集成-U,2026-03-13
688472,阿特斯,2026-03-13
688475,萤石网络,2026-03-13
688478,晶升股份,2026-03-13
688479,友车科技,2026-03-13
688480,赛恩斯,2026-03-13
688484,南芯科技,2026-03-13
688485,九州一轨,2026-03-13
688486,龙迅股份,2026-03-13
688488,艾迪药业,2026-03-13
688489,三未信安,2026-03-13
688496,清越科技,2026-03-13
688498,源杰科技,2026-03-13
688499,利元亨,2026-03-13
688500,慧辰股份,2026-03-13
688501,青达环保,2026-03-13
688502,茂莱光学,2026-03-13
688503,聚和材料,2026-03-13
688505,复旦张江,2026-03-13
688506,百利天恒,2026-03-13
688507,索辰科技,2026-03-13
688508,芯朋微,2026-03-13
688509,正元地信,2026-03-13
688510,航亚科技,2026-03-13
688511,*ST天微,2026-03-13
688512,慧智微-U,2026-03-13
688513,苑东生物,2026-03-13
688515,裕太微-U,2026-03-13
688516,奥特维,2026-03-13
688517,金冠电气,2026-03-13
688518,联赢激光,2026-03-13
688519,南亚新材,2026-03-13
688520,神州细胞,2026-03-13
688521,芯原股份,2026-03-13
688522,纳睿雷达,2026-03-13
688523,航天环宇,2026-03-13
688525,佰维存储,2026-03-13
688526,科前生物,2026-03-13
688528,秦川物联,2026-03-13
688529,豪森智能,2026-03-13
688530,欧莱新材,2026-03-13
688531,日联科技,2026-03-13
688533,上声电子,2026-03-13
688535,华海诚科,2026-03-13
688536,思瑞浦,2026-03-13
688538,和辉光电-U,2026-03-13
688539,高华科技,2026-03-13
688543,国科军工,2026-03-13
688545,兴福电子,2026-03-13
688548,广钢气体,2026-03-13
688549,中巨芯-U,2026-03-13
688550,瑞联新材,2026-03-13
688551,科威尔,2026-03-13
688552,航天南湖,2026-03-13
688553,汇宇制药-W,2026-03-13
688555,退市泽达,2026-03-13
688556,高测股份,2026-03-13
688557,兰剑智能,2026-03-13
688558,国盛智科,2026-03-13
688559,海目星,2026-03-13
688560,明冠新材,2026-03-13
688561,奇安信-U,2026-03-13
688562,航天软件,2026-03-13
688563,航材股份,2026-03-13
688565,力源科技,2026-03-13
688566,吉贝尔,2026-03-13
688567,孚能科技,2026-03-13
688568,中科星图,2026-03-13
688569,铁科轨道,2026-03-13
688570,天玛智控,2026-03-13
688571,杭华股份,2026-03-13
688573,信宇人,2026-03-13
688575,亚辉龙,2026-03-13
688576,西山科技,2026-03-13
688577,浙海德曼,2026-03-13
688578,艾力斯,2026-03-13
688579,地纬智能,2026-03-13
688580,伟思医疗,2026-03-13
688581,安杰思,2026-03-13
688582,芯动联科,2026-03-13
688583,思看科技,2026-03-13
688584,上海合晶,2026-03-13
688585,上纬新材,2026-03-13
688586,江航装备,2026-03-13
688588,凌志软件,2026-03-13
688589,力合微,2026-03-13
688590,新致软件,2026-03-13
688591,泰凌微,2026-03-13
688592,司南导航,2026-03-13
688593,新相微,2026-03-13
688595,芯海科技,2026-03-13
688596,正帆科技,2026-03-13
688597,煜邦电力,2026-03-13
688598,金博股份,2026-03-13
688599,天合光能,2026-03-13
688600,皖仪科技,2026-03-13
688601,力芯微,2026-03-13
688602,康鹏科技,2026-03-13
688603,天承科技,2026-03-13
688605,先锋精科,2026-03-13
688606,奥泰生物,2026-03-13
688607,康众医疗,2026-03-13
688608,恒玄科技,2026-03-13
688609,九联科技,2026-03-13
688610,埃科光电,2026-03-13
688611,杭州柯林,2026-03-13
688612,威迈斯,2026-03-13
688613,奥精医疗,2026-03-13
688615,合合信息,2026-03-13
688616,西力科技,2026-03-13
688617,惠泰医疗,2026-03-13
688618,三旺通信,2026-03-13
688619,罗普特,2026-03-13
688620,安凯微,2026-03-13
688621,阳光诺和,2026-03-13
688622,禾信仪器,2026-03-13
688623,双元科技,2026-03-13
688625,呈和科技,2026-03-13
688626,翔宇医疗,2026-03-13
688627,精智达,2026-03-13
688628,优利德,2026-03-13
688629,华丰科技,2026-03-13
688630,芯碁微装,2026-03-13
688631,莱斯信息,2026-03-13
688633,星球石墨,2026-03-13
688636,智明达,2026-03-13
688638,誉辰智能,2026-03-13
688639,华恒生物,2026-03-13
688646,ST逸飞,2026-03-13
688648,中邮科技,2026-03-13
688651,盛邦安全,2026-03-13
688652,京仪装备,2026-03-13
688653,康希通信,2026-03-13
688655,迅捷兴,2026-03-13
688656,浩欧博,2026-03-13
688657,浩辰软件,2026-03-13
688658,悦康药业,2026-03-13
688659,元琛科技,2026-03-13
688660,电气风电,2026-03-13
688661,和林微纳,2026-03-13
688662,富信科技,2026-03-13
688663,新风光,2026-03-13
688665,四方光电,2026-03-13
688667,菱电电控,2026-03-13
688668,鼎通科技,2026-03-13
688669,聚石化学,2026-03-13
688670,金迪克,2026-03-13
688671,碧兴物联,2026-03-13
688676,金盘科技,2026-03-13
688677,海泰新光,2026-03-13
688678,福立旺,2026-03-13
688679,通源环境,2026-03-13
688680,海优新材,2026-03-13
688681,科汇股份,2026-03-13
688682,霍莱沃,2026-03-13
688683,莱尔科技,2026-03-13
688685,迈信林,2026-03-13
688686,奥普特,2026-03-13
688687,凯因科技,2026-03-13
688689,银河微电,2026-03-13
688690,纳微科技,2026-03-13
688691,灿芯股份,2026-03-13
688692,达梦数据,2026-03-13
688693,锴威特,2026-03-13
688695,中创股份,2026-03-13
688696,极米科技,2026-03-13
688697,纽威数控,2026-03-13
688698,伟创电气,2026-03-13
688699,明微电子,2026-03-13
688700,东威科技,2026-03-13
688701,卓锦股份,2026-03-13
688702,盛科通信-U,2026-03-13
688707,振华新材,2026-03-13
688708,佳驰科技,2026-03-13
688709,成都华微,2026-03-13
688710,益诺思,2026-03-13
688711,宏微科技,2026-03-13
688712,北芯生命-U,2026-03-13
688716,中研股份,2026-03-13
688717,艾罗能源,2026-03-13
688718,唯赛勃,2026-03-13
688719,爱科赛博,2026-03-13
688720,艾森股份,2026-03-13
688721,龙图光罩,2026-03-13
688722,同益中,2026-03-13
688726,拉普拉斯,2026-03-13
688727,恒坤新材,2026-03-13
688728,格科微,2026-03-13
688729,屹唐股份,2026-03-13
688733,壹石通,2026-03-13
688737,中自科技,2026-03-13
688739,成大生物,2026-03-13
688750,金天钛业,2026-03-13
688755,汉邦科技,2026-03-13
688757,胜科纳米,2026-03-13
688758,赛分科技,2026-03-13
688759,必贝特-U,2026-03-13
688765,禾元生物-U,2026-03-13
688766,普冉股份,2026-03-13
688767,博拓生物,2026-03-13
688768,容知日新,2026-03-13
688772,珠海冠宇,2026-03-13
688775,影石创新,2026-03-13
688776,国光电气,2026-03-13
688777,中控技术,2026-03-13
688778,厦钨新能,2026-03-13
688779,五矿新能,2026-03-13
688783,西安奕材-U,2026-03-13
688785,恒运昌,2026-03-13
688786,悦安新材,2026-03-13
688787,海天瑞声,2026-03-13
688788,科思科技,2026-03-13
688789,宏华数科,2026-03-13
688790,昂瑞微-UW,2026-03-13
688793,倍轻松,2026-03-13
688795,摩尔线程-U,2026-03-13
688796,百奥赛图,2026-03-13
688798,艾为电子,2026-03-13
688799,华纳药厂,2026-03-13
688800,瑞可达,2026-03-13
688802,沐曦股份-U,2026-03-13
688805,健信超导,2026-03-13
688807,优迅股份,2026-03-13
688809,强一股份,2026-03-13
688816,易思维,2026-03-13
688818,电科蓝天,2026-03-13
688819,天能股份,2026-03-13
688981,中芯国际,2026-03-13
689009,九号公司-WD,2026-03-13
830779,武汉蓝电,2026-03-13
830799,艾融软件,2026-03-13
830809,安达科技,2026-03-13
830832,齐鲁华信,2026-03-13
830839,万通液压,2026-03-13
830879,基康技术,2026-03-13
830896,旺成科技,2026-03-13
830946,森萱医药,2026-03-13
830964,润农节水,2026-03-13
830974,凯大催化,2026-03-13
831010,凯添燃气,2026-03-13
831039,国义招标,2026-03-13
831087,秋乐种业,2026-03-13
831152,昆工科技,2026-03-13
831167,鑫汇科,2026-03-13
831175,派诺科技,2026-03-13
831195,三祥科技,2026-03-13
831278,泰德股份,2026-03-13
831304,迪尔化工,2026-03-13
831305,海希通讯,2026-03-13
831370,新安洁,2026-03-13
831396,许昌智能,2026-03-13
831445,龙竹科技,2026-03-13
831526,凯华材料,2026-03-13
831627,力王股份,2026-03-13
831641,格利尔,2026-03-13
831689,克莱特,2026-03-13
831726,朱老六,2026-03-13
831768,拾比佰,2026-03-13
831832,科达自控,2026-03-13
831834,三维装备,2026-03-13
831855,浙江大农,2026-03-13
831856,浩淼科技,2026-03-13
831906,舜宇精工,2026-03-13
831961,创远信科,2026-03-13
832000,安徽凤凰,2026-03-13
832023,田野股份,2026-03-13
832089,禾昌聚合,2026-03-13
832110,雷特科技,2026-03-13
832145,恒合股份,2026-03-13
832149,利尔达,2026-03-13
832171,志晟信息,2026-03-13
832175,东方碳素,2026-03-13
832225,利通科技,2026-03-13
832278,鹿得医疗,2026-03-13
832419,路斯股份,2026-03-13
832469,富恒新材,2026-03-13
832471,美邦科技,2026-03-13
832491,奥迪威,2026-03-13
832522,纳科诺尔,2026-03-13
832566,梓橦宫,2026-03-13
832651,天罡股份,2026-03-13
832662,方盛股份,2026-03-13
832735,德源药业,2026-03-13
832786,骑士乳业,2026-03-13
832802,保丽洁,2026-03-13
832876,慧为智能,2026-03-13
832885,星辰科技,2026-03-13
832978,开特股份,2026-03-13
832982,锦波生物,2026-03-13
833030,立方控股,2026-03-13
833075,柏星龙,2026-03-13
833171,国航远洋,2026-03-13
833230,欧康医药,2026-03-13
833266,生物谷,2026-03-13
833284,灵鸽科技,2026-03-13
833346,威贸电子,2026-03-13
833394,民士达,2026-03-13
833427,华维设计,2026-03-13
833429,康比特,2026-03-13
833454,同心传动,2026-03-13
833455,汇隆活塞,2026-03-13
833509,同惠电子,2026-03-13
833523,德瑞锂电,2026-03-13
833533,骏创科技,2026-03-13
833575,康乐卫士,2026-03-13
833580,科创新材,2026-03-13
833751,惠同新材,2026-03-13
833781,瑞奇智造,2026-03-13
833819,颖泰生物,2026-03-13
833873,中设咨询,2026-03-13
833914,远航精密,2026-03-13
833943,优机股份,2026-03-13
834014,特瑞斯,2026-03-13
834021,流金科技,2026-03-13
834033,康普化学,2026-03-13
834058,华洋赛车,2026-03-13
834062,科润智控,2026-03-13
834261,一诺威,2026-03-13
834407,驰诚股份,2026-03-13
834415,恒拓开源,2026-03-13
834475,三友科技,2026-03-13
834599,同力股份,2026-03-13
834639,晨光电缆,2026-03-13
834682,球冠电缆,2026-03-13
834765,美之高,2026-03-13
834770,艾能聚,2026-03-13
834950,迅安科技,2026-03-13
835174,五新隧装,2026-03-13
835179,凯德石英,2026-03-13
835184,国源科技,2026-03-13
835185,贝特瑞,2026-03-13
835207,众诚科技,2026-03-13
835237,力佳科技,2026-03-13
835305,*ST云创,2026-03-13
835368,连城数控,2026-03-13
835438,戈碧迦,2026-03-13
835508,殷图网联,2026-03-13
835579,机科股份,2026-03-13
835640,富士达,2026-03-13
835670,数字人,2026-03-13
835857,百甲科技,2026-03-13
835892,中科美菱,2026-03-13
835985,海泰新能,2026-03-13
836077,吉林碳谷,2026-03-13
836149,旭杰科技,2026-03-13
836208,青矩技术,2026-03-13
836221,易实精密,2026-03-13
836239,长虹能源,2026-03-13
836247,华密新材,2026-03-13
836260,中寰股份,2026-03-13
836263,中航泰达,2026-03-13
836270,天铭科技,2026-03-13
836395,朗鸿科技,2026-03-13
836414,欧普泰,2026-03-13
836419,万德股份,2026-03-13
836422,润普食品,2026-03-13
836433,大唐药业,2026-03-13
836504,博迅生物,2026-03-13
836547,无锡晶海,2026-03-13
836675,秉扬科技,2026-03-13
836699,海达尔,2026-03-13
836717,瑞星股份,2026-03-13
836720,吉冈精密,2026-03-13
836807,奔朗新材,2026-03-13
836826,盖世食品,2026-03-13
836871,派特尔,2026-03-13
836892,广咨国际,2026-03-13
836942,恒立钻具,2026-03-13
836957,汉维科技,2026-03-13
836961,西磁科技,2026-03-13
837006,晟楠科技,2026-03-13
837023,芭薇股份,2026-03-13
837046,亿能电力,2026-03-13
837092,汉鑫科技,2026-03-13
837174,宏裕包材,2026-03-13
837212,智新电子,2026-03-13
837242,建邦科技,2026-03-13
837344,三元基因,2026-03-13
837403,康农种业,2026-03-13
837592,华信永道,2026-03-13
837663,明阳科技,2026-03-13
837748,路桥信息,2026-03-13
837821,则成电子,2026-03-13
838030,德众汽车,2026-03-13
838163,方大新材,2026-03-13
838171,邦德股份,2026-03-13
838227,美登科技,2026-03-13
838262,太湖雪,2026-03-13
838275,驱动力,2026-03-13
838402,硅烷科技,2026-03-13
838670,恒进感应,2026-03-13
838701,豪声电子,2026-03-13
838810,春光智能,2026-03-13
838837,华原股份,2026-03-13
838924,广脉科技,2026-03-13
838971,天马新材,2026-03-13
839167,同享科技,2026-03-13
839273,一致魔芋,2026-03-13
839371,欧福蛋业,2026-03-13
839493,并行科技,2026-03-13
839680,*ST广道,2026-03-13
839719,宁新新材,2026-03-13
839725,惠丰钻石,2026-03-13
839729,永顺生物,2026-03-13
839790,联迪信息,2026-03-13
839792,东和新材,2026-03-13
839946,华阳变速,2026-03-13
870199,倍益康,2026-03-13
870204,沪江材料,2026-03-13
870299,灿能电力,2026-03-13
870357,雅葆轩,2026-03-13
870436,大地电气,2026-03-13
870508,丰安股份,2026-03-13
870656,海昇药业,2026-03-13
870726,鸿智科技,2026-03-13
870866,绿亨科技,2026-03-13
870976,视声智能,2026-03-13
871245,威博液压,2026-03-13
871263,莱赛激光,2026-03-13
871396,常辅股份,2026-03-13
871478,巨能股份,2026-03-13
871553,凯腾精工,2026-03-13
871634,新威凌,2026-03-13
871642,通易航天,2026-03-13
871694,中裕科技,2026-03-13
871753,天纺标,2026-03-13
871857,泓禧科技,2026-03-13
871970,大禹生物,2026-03-13
871981,晶赛科技,2026-03-13
872190,雷神科技,2026-03-13
872351,华光源海,2026-03-13
872374,云里物里,2026-03-13
872392,佳合科技,2026-03-13
872541,铁大科技,2026-03-13
872808,曙光数创,2026-03-13
872895,花溪科技,2026-03-13
872925,锦好医疗,2026-03-13
872931,无锡鼎邦,2026-03-13
872953,国子软件,2026-03-13
873001,纬达光电,2026-03-13
873122,中纺标,2026-03-13
873132,泰鹏智能,2026-03-13
873152,天宏锂电,2026-03-13
873167,新赣江,2026-03-13
873169,七丰精工,2026-03-13
873223,荣亿精密,2026-03-13
873305,九菱科技,2026-03-13
873339,恒太照明,2026-03-13
873527,夜光明,2026-03-13
873570,坤博精工,2026-03-13
873576,天力复合,2026-03-13
873593,鼎智科技,2026-03-13
873665,科强股份,2026-03-13
873679,前进科技,2026-03-13
873690,捷众科技,2026-03-13
873693,阿为特,2026-03-13
873703,广厦环能,2026-03-13
873706,铁拓机械,2026-03-13
873726,卓兆点胶,2026-03-13
873806,云星宇,2026-03-13
873833,美心翼申,2026-03-13
920000,安徽凤凰,2026-03-13
920001,纬达光电,2026-03-13
920002,万达轴承,2026-03-13
920003,中诚咨询,2026-03-13
920005,鼎佳精密,2026-03-13
920006,晟楠科技,2026-03-13
920007,酉立智能,2026-03-13
920008,成电光信,2026-03-13
920009,丹娜生物,2026-03-13
920010,凯添燃气,2026-03-13
920014,特瑞斯,2026-03-13
920015,锦华新材,2026-03-13
920016,中草香料,2026-03-13
920017,星昊医药,2026-03-13
920018,宏远股份,2026-03-13
920019,铜冠矿建,2026-03-13
920020,泰凯英,2026-03-13
920021,流金科技,2026-03-13
920022,世昌股份,2026-03-13
920023,田野股份,2026-03-13
920026,卓兆点胶,2026-03-13
920027,交大铁发,2026-03-13
920029,开发科技,2026-03-13
920030,德众汽车,2026-03-13
920033,康普化学,2026-03-13
920035,精创电气,2026-03-13
920036,觅睿科技,2026-03-13
920037,广信科技,2026-03-13
920039,国义招标,2026-03-13
920045,蘅东光,2026-03-13
920046,亿能电力,2026-03-13
920047,诺思兰德,2026-03-13
920050,爱舍伦,2026-03-13
920056,能之光,2026-03-13
920057,百甲科技,2026-03-13
920058,华洋赛车,2026-03-13
920060,万源通,2026-03-13
920061,西磁科技,2026-03-13
920062,科润智控,2026-03-13
920066,科拜尔,2026-03-13
920068,天工股份,2026-03-13
920075,柏星龙,2026-03-13
920076,国亮新材,2026-03-13
920077,吉林碳谷,2026-03-13
920080,奥美森,2026-03-13
920082,方正阀门,2026-03-13
920086,科马材料,2026-03-13
920087,秋乐种业,2026-03-13
920088,科力股份,2026-03-13
920089,禾昌聚合,2026-03-13
920090,同辉信息,2026-03-13
920091,大鹏工业,2026-03-13
920092,汉鑫科技,2026-03-13
920098,科隆新材,2026-03-13
920099,瑞华技术,2026-03-13
920100,三协电机,2026-03-13
920101,志高机械,2026-03-13
920106,林泰新材,2026-03-13
920108,宏海科技,2026-03-13
920110,雷特科技,2026-03-13
920111,聚星科技,2026-03-13
920112,巴兰仕,2026-03-13
920116,星图测控,2026-03-13
920118,太湖远大,2026-03-13
920119,美德乐,2026-03-13
920121,江天科技,2026-03-13
920122,中纺标,2026-03-13
920123,芭薇股份,2026-03-13
920124,南特科技,2026-03-13
920128,胜业电气,2026-03-13
920130,立方控股,2026-03-13
920132,泰鹏智能,2026-03-13
920139,华岭股份,2026-03-13
920145,恒合股份,2026-03-13
920146,华阳变速,2026-03-13
920149,旭杰科技,2026-03-13
920152,昆工科技,2026-03-13
920158,长江能科,2026-03-13
920159,农大科技,2026-03-13
920160,北矿检测,2026-03-13
920163,方大新材,2026-03-13
920166,海圣医疗,2026-03-13
920167,同享科技,2026-03-13
920168,通宝光电,2026-03-13
920169,七丰精工,2026-03-13
920171,志晟信息,2026-03-13
920174,五新隧装,2026-03-13
920175,东方碳素,2026-03-13
920179,凯德石英,2026-03-13
920180,爱得科技,2026-03-13
920183,海菲曼,2026-03-13
920184,国源科技,2026-03-13
920185,贝特瑞,2026-03-13
920187,通领科技,2026-03-13
920190,雷神科技,2026-03-13
920195,三祥科技,2026-03-13
920198,微创光电,2026-03-13
920199,倍益康,2026-03-13
920204,沪江材料,2026-03-13
920207,众诚科技,2026-03-13
920208,青矩技术,2026-03-13
920212,智新电子,2026-03-13
920221,易实精密,2026-03-13
920223,荣亿精密,2026-03-13
920225,利通科技,2026-03-13
920227,美登科技,2026-03-13
920230,欧康医药,2026-03-13
920237,力佳科技,2026-03-13
920239,长虹能源,2026-03-13
920242,建邦科技,2026-03-13
920245,威博液压,2026-03-13
920247,华密新材,2026-03-13
920249,利尔达,2026-03-13
920252,天宏锂电,2026-03-13
920260,中寰股份,2026-03-13
920261,一诺威,2026-03-13
920262,太湖雪,2026-03-13
920263,中航泰达,2026-03-13
920266,生物谷,2026-03-13
920267,鑫汇科,2026-03-13
920270,天铭科技,2026-03-13
920271,邦德股份,2026-03-13
920273,一致魔芋,2026-03-13
920274,宏裕包材,2026-03-13
920275,驱动力,2026-03-13
920278,鹿得医疗,2026-03-13
920284,灵鸽科技,2026-03-13
920299,灿能电力,2026-03-13
920300,辰光医疗,2026-03-13
920304,迪尔化工,2026-03-13
920305,*ST云创,2026-03-13
920339,恒太照明,2026-03-13
920344,三元基因,2026-03-13
920346,威贸电子,2026-03-13
920351,华光源海,2026-03-13
920357,雅葆轩,2026-03-13
920363,莱赛激光,2026-03-13
920367,新赣江,2026-03-13
920368,连城数控,2026-03-13
920370,新安洁,2026-03-13
920371,欧福蛋业,2026-03-13
920374,云里物里,2026-03-13
920375,派诺科技,2026-03-13
920378,泰德股份,2026-03-13
920392,佳合科技,2026-03-13
920394,民士达,2026-03-13
920395,朗鸿科技,2026-03-13
920396,常辅股份,2026-03-13
920402,硅烷科技,2026-03-13
920403,康农种业,2026-03-13
920405,海希通讯,2026-03-13
920407,驰诚股份,2026-03-13
920414,欧普泰,2026-03-13
920415,恒拓开源,2026-03-13
920418,苏轴股份,2026-03-13
920419,路斯股份,2026-03-13
920422,润普食品,2026-03-13
920425,乐创技术,2026-03-13
920427,华维设计,2026-03-13
920429,康比特,2026-03-13
920433,大唐药业,2026-03-13
920436,大地电气,2026-03-13
920438,戈碧迦,2026-03-13
920445,龙竹科技,2026-03-13
920454,同心传动,2026-03-13
920455,汇隆活塞,2026-03-13
920469,富恒新材,2026-03-13
920471,美邦科技,2026-03-13
920475,三友科技,2026-03-13
920476,海能技术,2026-03-13
920478,峆一药业,2026-03-13
920489,佳先股份,2026-03-13
920491,奥迪威,2026-03-13
920493,并行科技,2026-03-13
920496,许昌智能,2026-03-13
920504,博迅生物,2026-03-13
920505,九菱科技,2026-03-13
920508,殷图网联,2026-03-13
920509,同惠电子,2026-03-13
920510,丰光精密,2026-03-13
920519,万德股份,2026-03-13
920522,纳科诺尔,2026-03-13
920523,德瑞锂电,2026-03-13
920526,凯华材料,2026-03-13
920527,夜光明,2026-03-13
920533,骏创科技,2026-03-13
920541,铁大科技,2026-03-13
920547,无锡晶海,2026-03-13
920553,凯腾精工,2026-03-13
920556,雅达股份,2026-03-13
920564,天润科技,2026-03-13
920566,梓橦宫,2026-03-13
920570,坤博精工,2026-03-13
920571,国航远洋,2026-03-13
920575,康乐卫士,2026-03-13
920576,天力复合,2026-03-13
920578,巨能股份,2026-03-13
920579,机科股份,2026-03-13
920580,科创新材,2026-03-13
920592,华信永道,2026-03-13
920593,鼎智科技,2026-03-13
920599,同力股份,2026-03-13
920608,丰安股份,2026-03-13
920627,力王股份,2026-03-13
920634,新威凌,2026-03-13
920639,晨光电缆,2026-03-13
920640,富士达,2026-03-13
920641,格利尔,2026-03-13
920642,通易航天,2026-03-13
920651,天罡股份,2026-03-13
920656,海昇药业,2026-03-13
920662,方盛股份,2026-03-13
920663,明阳科技,2026-03-13
920665,科强股份,2026-03-13
920670,数字人,2026-03-13
920675,秉扬科技,2026-03-13
920679,前进科技,2026-03-13
920680,广道退,2026-03-13
920682,球冠电缆,2026-03-13
920685,新芝生物,2026-03-13
920689,克莱特,2026-03-13
920690,捷众科技,2026-03-13
920693,阿为特,2026-03-13
920694,中裕科技,2026-03-13
920699,海达尔,2026-03-13
920701,豪声电子,2026-03-13
920703,广厦环能,2026-03-13
920706,铁拓机械,2026-03-13
920717,瑞星股份,2026-03-13
920718,合肥高科,2026-03-13
920719,宁新新材,2026-03-13
920720,吉冈精密,2026-03-13
920725,惠丰钻石,2026-03-13
920726,朱老六,2026-03-13
920729,永顺生物,2026-03-13
920735,德源药业,2026-03-13
920748,路桥信息,2026-03-13
920751,惠同新材,2026-03-13
920753,天纺标,2026-03-13
920765,美之高,2026-03-13
920768,拾比佰,2026-03-13
920770,艾能聚,2026-03-13
920779,武汉蓝电,2026-03-13
920781,瑞奇智造,2026-03-13
920786,骑士乳业,2026-03-13
920790,联迪信息,2026-03-13
920792,东和新材,2026-03-13
920799,艾融软件,2026-03-13
920802,保丽洁,2026-03-13
920806,云星宇,2026-03-13
920807,奔朗新材,2026-03-13
920808,曙光数创,2026-03-13
920809,安达科技,2026-03-13
920810,春光智能,2026-03-13
920819,颖泰生物,2026-03-13
920821,则成电子,2026-03-13
920826,盖世食品,2026-03-13
920832,齐鲁华信,2026-03-13
920833,美心翼申,2026-03-13
920834,三维装备,2026-03-13
920837,华原股份,2026-03-13
920839,万通液压,2026-03-13
920855,浙江大农,2026-03-13
920856,浩淼科技,2026-03-13
920857,泓禧科技,2026-03-13
920866,绿亨科技,2026-03-13
920870,恒进感应,2026-03-13
920871,派特尔,2026-03-13
920873,中设咨询,2026-03-13
920876,慧为智能,2026-03-13
920879,基康技术,2026-03-13
920885,星辰科技,2026-03-13
920892,广咨国际,2026-03-13
920895,花溪科技,2026-03-13
920896,旺成科技,2026-03-13
920906,舜宇精工,2026-03-13
920914,远航精密,2026-03-13
920924,广脉科技,2026-03-13
920925,锦好医疗,2026-03-13
920926,鸿智科技,2026-03-13
920931,无锡鼎邦,2026-03-13
920932,科达自控,2026-03-13
920942,恒立钻具,2026-03-13
920943,优机股份,2026-03-13
920946,森萱医药,2026-03-13
920950,迅安科技,2026-03-13
920953,国子软件,2026-03-13
920957,汉维科技,2026-03-13
920961,创远信科,2026-03-13
920964,润农节水,2026-03-13
920970,大禹生物,2026-03-13
920971,天马新材,2026-03-13
920974,凯大催化,2026-03-13
920976,视声智能,2026-03-13
920978,开特股份,2026-03-13
920981,晶赛科技,2026-03-13
920982,锦波生物,2026-03-13
920985,海泰新能,2026-03-13
920992,中科美菱,2026-03-13
